,TEAM_NAME,HOME_GAMES,HOME_ATTENDANCE,HOME_ATTENDANCE_AVG,AWAY_GAMES,AWAY_ATTENDANCE_AVG,TOTAL_GAMES,OVERALL_ATTENDANCE_AVG,Year
0,Pistons,41,872902,21290,41,17127,82,19209,2004
1,Mavericks,41,825594,20136,41,17452,82,18794,2004
2,Bulls,41,809177,19736,41,16517,82,18126,2004
3,76ers,41,788128,19222,41,17672,82,18447,2004
4,NY Knicks,41,785739,19164,41,17589,82,18376,2004
5,Jazz,41,785330,19154,41,16537,82,17845,2004
6,Lakers,41,777757,18969,41,19380,82,19175,2004
7,Raptors,41,750608,18307,41,16480,82,17394,2004
8,Cavaliers,41,749790,18287,41,18755,82,18521,2004
9,Spurs,41,739706,18041,41,17347,82,17694,2004
10,Timberwolves,41,723071,17635,41,17862,82,17749,2004
11,Nuggets,41,721476,17596,41,17184,82,17390,2004
12,Kings,41,709997,17317,41,17813,82,17565,2004
13,Bucks,41,690180,16833,41,16213,82,16523,2004
14,Trail Blazers,41,684038,16683,41,16282,82,16483,2004
15,Pacers,41,678326,16544,41,17710,82,17127,2004
16,Suns,41,670385,16350,41,16461,82,16406,2004
17,Warriors,41,665648,16235,41,15885,82,16060,2004
18,Clippers,41,665396,16229,41,16258,82,16243,2004
19,Celtics,41,664248,16201,41,16955,82,16578,2004
20,Wizards,41,645363,15740,41,16008,82,15874,2004
21,Rockets,41,640794,15629,41,17768,82,16698,2004
22,Thunder,41,625474,15255,41,16842,82,16049,2004
23,Heat,41,624809,15239,41,16524,82,15881,2004
24,Grizzlies,41,622723,15188,41,16695,82,15941,2004
25,Nets,41,613051,14952,41,17358,82,16155,2004
26,Magic,41,589144,14369,41,16793,82,15581,2004
27,Pelicans,41,587613,14332,41,16679,82,15505,2004
28,Hawks,41,565728,13798,41,16282,82,15040,2004
29,Pistons,41,905116,22076,41,17868,82,19972,2005
30,Bulls,41,828384,20204,41,17334,82,18769,2005
31,Mavericks,41,822533,20061,41,17259,82,18660,2005
32,Heat,41,815143,19881,41,18891,82,19386,2005
33,NY Knicks,41,800144,19515,41,17540,82,18528,2005
34,Cavaliers,41,784249,19128,41,18275,82,18701,2005
35,Lakers,41,770494,18792,41,18810,82,18801,2005
36,Jazz,41,769014,18756,41,16923,82,17839,2005
37,Spurs,41,750970,18316,41,17419,82,17868,2005
38,76ers,41,732686,17870,41,17933,82,17902,2005
39,Suns,41,726066,17708,41,17570,82,17639,2005
40,Nuggets,41,723949,17657,41,17506,82,17582,2005
41,Kings,41,709997,17317,41,17702,82,17509,2005
42,Wizards,41,705069,17196,41,16862,82,17029,2005
43,Timberwolves,41,704438,17181,41,17874,82,17527,2005
44,Raptors,41,703388,17155,41,16677,82,16916,2005
45,Pacers,41,696764,16994,41,16895,82,16944,2005
46,Clippers,41,696181,16980,41,16735,82,16857,2005
47,Grizzlies,41,691362,16862,41,16621,82,16742,2005
48,Trail Blazers,41,680374,16594,41,16658,82,16626,2005
49,Thunder,41,675490,16475,41,17029,82,16752,2005
50,Warriors,41,670368,16350,41,16708,82,16529,2005
51,Rockets,41,663444,16181,41,18183,82,17182,2005
52,Celtics,41,656081,16001,41,17216,82,16609,2005
53,Bucks,41,637009,15536,41,16651,82,16094,2005
54,Nets,41,618681,15089,41,16624,82,15857,2005
55,Magic,41,597942,14583,41,17510,82,16047,2005
56,Hornets,41,591701,14431,41,16717,82,15574,2005
57,Hawks,41,586390,14302,41,16730,82,15516,2005
58,Pelicans,41,583070,14221,41,16690,82,15456,2005
59,Pistons,41,905116,22076,41,18637,82,20356,2006
60,Bulls,41,868720,21188,41,17397,82,19292,2006
61,Mavericks,41,824693,20114,41,17591,82,18853,2006
62,Heat,41,818149,19954,41,18991,82,19473,2006
63,Cavaliers,41,792391,19326,41,18800,82,19063,2006
64,NY Knicks,41,776176,18931,41,17572,82,18251,2006
65,Lakers,41,774189,18882,41,18812,82,18847,2006
66,Spurs,41,770677,18797,41,18376,82,18586,2006
67,Jazz,41,751621,18332,41,17048,82,17690,2006
68,Warriors,41,749185,18272,41,16775,82,17524,2006
69,Pelicans,41,744920,18168,41,16659,82,17414,2006
70,Suns,41,730179,17809,41,17694,82,17751,2006
71,Clippers,41,712409,17375,41,16944,82,17160,2006
72,Kings,41,709997,17317,41,17101,82,17209,2006
73,Wizards,41,705062,17196,41,17291,82,17244,2006
74,Nuggets,41,702645,17137,41,17637,82,17387,2006
75,Raptors,41,699332,17056,41,16595,82,16826,2006
76,Celtics,41,692873,16899,41,17920,82,17409,2006
77,Nets,41,691543,16866,41,17710,82,17288,2006
78,Bucks,41,681337,16617,41,17119,82,16868,2006
79,76ers,41,677278,16518,41,18627,82,17573,2006
80,Hornets,41,671011,16366,41,17117,82,16741,2006
81,Thunder,41,664157,16198,41,17195,82,16697,2006
82,Pacers,41,663368,16179,41,17624,82,16902,2006
83,Timberwolves,41,662167,16150,41,17421,82,16785,2006
84,Grizzlies,41,647533,15793,41,17211,82,16502,2006
85,Magic,41,638005,15561,41,17084,82,16322,2006
86,Rockets,41,636110,15514,41,17554,82,16534,2006
87,Hawks,41,617942,15071,41,17067,82,16069,2006
88,Trail Blazers,41,617019,15049,41,17144,82,16097,2006
89,Bulls,41,912364,22252,41,18153,82,20202,2007
90,Pistons,41,905116,22076,41,18001,82,20038,2007
91,Cavaliers,41,837883,20436,41,18940,82,19688,2007
92,Mavericks,41,834411,20351,41,17821,82,19086,2007
93,Heat,41,808541,19720,41,18945,82,19332,2007
94,Jazz,41,802214,19566,41,17501,82,18533,2007
95,Lakers,41,778415,18985,41,18917,82,18951,2007
96,NY Knicks,41,771017,18805,41,17984,82,18394,2007
97,Spurs,41,764823,18654,41,17464,82,18059,2007
98,Suns,41,755302,18422,41,18541,82,18481,2007
99,Clippers,41,755261,18421,41,17406,82,17913,2007
100,Wizards,41,753283,18372,41,17270,82,17821,2007
101,Raptors,41,748603,18258,41,17347,82,17802,2007
102,Warriors,41,742267,18104,41,17012,82,17558,2007
103,Pelicans,41,731165,17833,41,16981,82,17407,2007
104,Kings,41,709997,17317,41,17282,82,17299,2007
105,Nuggets,41,706437,17230,41,18163,82,17696,2007
106,Magic,41,700887,17094,41,17470,82,17282,2007
107,Nets,41,693955,16925,41,17870,82,17398,2007
108,Celtics,41,690576,16843,41,17570,82,17206,2007
109,Rockets,41,678362,16545,41,18187,82,17366,2007
110,Trail Blazers,41,670778,16360,41,17558,82,16959,2007
111,Bucks,41,663629,16186,41,17350,82,16768,2007
112,Timberwolves,41,655947,15998,41,17894,82,16946,2007
113,Thunder,41,654163,15955,41,17445,82,16700,2007
114,Hawks,41,639375,15594,41,17170,82,16382,2007
115,Hornets,41,637520,15549,41,17477,82,16513,2007
116,Pacers,41,629750,15359,41,17802,82,16581,2007
117,76ers,41,608603,14843,41,17849,82,16346,2007
118,Grizzlies,41,600836,14654,41,17336,82,15995,2007
119,Pistons,41,905116,22076,41,17714,82,19895,2008
120,Bulls,41,901502,21987,41,17353,82,19670,2008
121,Cavaliers,41,839074,20465,41,17992,82,19228,2008
122,Mavericks,41,831738,20286,41,17716,82,19001,2008
123,Jazz,41,816211,19907,41,17215,82,18561,2008
124,Warriors,41,804864,19630,41,17255,82,18443,2008
125,Trail Blazers,41,801566,19550,41,16700,82,18125,2008
126,Heat,41,798004,19463,41,17503,82,18483,2008
127,Raptors,41,796835,19435,41,16653,82,18044,2008
128,NY Knicks,41,783739,19115,41,17429,82,18272,2008
129,Lakers,41,778877,18997,41,18671,82,18834,2008
130,Celtics,41,763584,18624,41,19042,82,18833,2008
131,Spurs,41,761149,18564,41,17954,82,18259,2008
132,Suns,41,755302,18422,41,18046,82,18234,2008
133,Wizards,41,736461,17962,41,16774,82,17368,2008
134,Rockets,41,718524,17524,41,17527,82,17526,2008
135,Nuggets,41,711962,17364,41,18115,82,17740,2008
136,Magic,41,709346,17301,41,17540,82,17420,2008
137,Clippers,41,692408,16888,41,16628,82,16758,2008
138,Hawks,41,667518,16280,41,16853,82,16567,2008
139,Nets,41,641921,15656,41,17610,82,16633,2008
140,Bucks,41,639421,15595,41,16738,82,16167,2008
141,76ers,41,609675,14870,41,17231,82,16050,2008
142,Hornets,41,603403,14717,41,17294,82,16005,2008
143,Timberwolves,41,593537,14476,41,16801,82,15639,2008
144,Pelicans,41,581432,14181,41,16905,82,15543,2008
145,Kings,41,580181,14150,41,17209,82,15680,2008
146,Thunder,41,547556,13355,41,17158,82,15257,2008
147,Grizzlies,41,523578,12770,41,16985,82,14877,2008
148,Pacers,41,501092,12221,41,17217,82,14719,2008
149,Pistons,41,896971,21877,41,18024,82,19950,2009
150,Bulls,40,847903,21197,41,17558,81,19355,2009
151,Trail Blazers,41,841499,20524,40,17167,81,18866,2009
152,Mavericks,41,821723,20042,41,17102,82,18572,2009
153,Cavaliers,41,820439,20010,41,18899,82,19455,2009
154,Jazz,41,816042,19903,41,17038,82,18470,2009
155,NY Knicks,41,790801,19287,40,17729,81,18518,2009
156,Lakers,41,778877,18997,40,19268,81,19130,2009
157,Warriors,41,776660,18942,41,16942,82,17942,2009
158,Raptors,41,769707,18773,41,16785,82,17779,2009
159,Thunder,40,747732,18693,41,16679,81,17674,2009
160,Celtics,41,763584,18624,41,18975,82,18799,2009
161,Suns,41,755302,18422,41,18122,82,18272,2009
162,Spurs,41,749048,18269,40,17626,81,17951,2009
163,Heat,40,729178,18229,41,18150,81,18189,2009
164,Rockets,40,699280,17482,41,17589,81,17536,2009
165,Nuggets,41,706165,17223,41,17227,82,17225,2009
166,Magic,41,698768,17043,40,17900,81,17466,2009
167,Pelicans,41,695727,16968,40,17702,81,17331,2009
168,Hawks,41,686688,16748,41,17303,82,17025,2009
169,Wizards,41,681117,16612,41,17157,82,16884,2009
170,Clippers,40,646830,16170,41,17202,81,16692,2009
171,76ers,41,647898,15802,40,17358,81,16570,2009
172,Bucks,41,630976,15389,41,16947,82,16168,2009
173,Nets,41,621062,15147,41,17586,82,16367,2009
174,Hornets,40,581049,14526,41,17310,81,15935,2009
175,Timberwolves,41,594743,14505,40,16845,81,15661,2009
176,Pacers,41,581472,14182,41,16628,82,15405,2009
177,Grizzlies,40,509806,12745,41,17101,81,14949,2009
178,Kings,40,502852,12571,41,17227,81,14928,2009
179,Bulls,41,849760,20725,41,17735,82,19230,2010
180,Cavaliers,41,843042,20562,41,19200,82,19881,2010
181,Trail Blazers,41,840411,20497,41,16546,82,18521,2010
182,Mavericks,41,819770,19994,41,17129,82,18561,2010
183,NY Knicks,41,799550,19501,41,17315,82,18408,2010
184,Jazz,41,794512,19378,41,17095,82,18237,2010
185,Lakers,41,778877,18997,41,19265,82,19131,2010
186,Pistons,41,768826,18751,41,17104,82,17928,2010
187,Celtics,41,744961,18169,41,18154,82,18161,2010
188,Spurs,41,741676,18089,41,17707,82,17898,2010
189,Warriors,41,739120,18027,41,16443,82,17235,2010
190,Thunder,41,738149,18003,41,16876,82,17440,2010
191,Nuggets,41,737812,17995,41,17446,82,17720,2010
192,Raptors,41,733784,17897,41,16466,82,17181,2010
193,Heat,41,726935,17730,41,18040,82,17885,2010
194,Suns,41,723582,17648,41,17376,82,17512,2010
195,Magic,41,715901,17461,41,17838,82,17649,2010
196,Hawks,41,678375,16545,41,17097,82,16821,2010
197,Rockets,41,677658,16528,41,16616,82,16572,2010
198,Clippers,41,670063,16343,41,16225,82,16284,2010
199,Wizards,41,664398,16204,41,16487,82,16346,2010
200,Hornets,41,648790,15824,41,16256,82,16040,2010
201,Pelicans,41,620366,15130,41,17168,82,16149,2010
202,Bucks,41,619453,15108,41,16823,82,15965,2010
203,Timberwolves,41,619170,15101,41,16112,82,15607,2010
204,76ers,41,583219,14224,41,16889,82,15556,2010
205,Pacers,41,582295,14202,41,16955,82,15578,2010
206,Grizzlies,41,552914,13485,41,16691,82,15088,2010
207,Kings,41,543416,13254,41,16973,82,15113,2010
208,Nets,41,537230,13103,41,16446,82,14774,2010
209,Bulls,41,893462,21791,41,18431,82,20111,2011
210,Trail Blazers,41,840924,20510,41,16333,82,18422,2011
211,Cavaliers,41,824595,20112,41,16200,82,18156,2011
212,Mavericks,41,824162,20101,41,16657,82,18379,2011
213,Heat,41,810930,19778,41,19447,82,19612,2011
214,NY Knicks,41,808879,19728,41,18044,82,18886,2011
215,Jazz,41,799982,19511,41,17331,82,18421,2011
216,Lakers,41,778877,18997,41,19087,82,19042,2011
217,Magic,41,777852,18972,41,17428,82,18200,2011
218,Warriors,41,766398,18692,41,17049,82,17871,2011
219,Celtics,41,763584,18624,41,18964,82,18794,2011
220,Spurs,41,750879,18314,41,17389,82,17851,2011
221,Thunder,41,744068,18148,41,17774,82,17961,2011
222,Clippers,41,727462,17742,41,17614,82,17678,2011
223,Suns,41,720249,17567,41,17462,82,17514,2011
224,Nuggets,41,692968,16901,41,17285,82,17093,2011
225,Wizards,41,688466,16791,41,17192,82,16992,2011
226,Pistons,41,683080,16660,41,16732,82,16696,2011
227,Raptors,41,679208,16566,41,16855,82,16710,2011
228,Rockets,41,663839,16191,41,16943,82,16567,2011
229,Hornets,41,649694,15846,41,16473,82,16159,2011
230,Hawks,41,641596,15648,41,16957,82,16303,2011
231,Bucks,41,631910,15412,41,16911,82,16162,2011
232,Timberwolves,41,624960,15242,41,16885,82,16064,2011
233,76ers,41,604823,14751,41,17155,82,15953,2011
234,Pelicans,41,603088,14709,41,17179,82,15944,2011
235,Grizzlies,41,600687,14650,41,16441,82,15546,2011
236,Nets,41,581378,14179,41,17098,82,15639,2011
237,Kings,41,569496,13890,41,17400,82,15645,2011
238,Pacers,41,555077,13538,41,16844,82,15191,2011
239,Bulls,33,731326,22161,33,17989,66,20075,2012
240,Trail Blazers,33,676384,20496,33,17164,66,18830,2012
241,Mavericks,33,671050,20334,33,17712,66,19023,2012
242,Heat,33,657855,19935,33,19399,66,19667,2012
243,NY Knicks,33,652179,19763,33,18407,66,19085,2012
244,Jazz,33,637124,19306,33,16929,66,18118,2012
245,Clippers,33,634237,19219,33,18342,66,18781,2012
246,Lakers,33,626901,18997,33,19034,66,19015,2012
247,Magic,33,623587,18896,33,17161,66,18028,2012
248,Warriors,33,622311,18857,33,16364,66,17611,2012
249,Celtics,33,614592,18624,33,18288,66,18456,2012
250,Spurs,33,607095,18396,33,16990,66,17693,2012
251,Thunder,33,600699,18203,33,18031,66,18117,2012
252,76ers,33,577597,17502,33,16764,66,17133,2012
253,Timberwolves,33,577197,17490,33,16310,66,16900,2012
254,Nuggets,33,561966,17029,33,17228,66,17128,2012
255,Raptors,33,555584,16835,33,16732,66,16784,2012
256,Wizards,33,552038,16728,33,16361,66,16544,2012
257,Cavaliers,33,525577,15926,33,16723,66,16324,2012
258,Grizzlies,33,518256,15704,33,17068,66,16386,2012
259,Suns,33,514718,15597,33,17806,66,16702,2012
260,Rockets,33,506994,15363,33,17733,66,16548,2012
261,Hawks,33,501593,15199,33,16820,66,16010,2012
262,Pelicans,33,498618,15109,33,16717,66,15913,2012
263,Hornets,33,486984,14757,33,16534,66,15645,2012
264,Bucks,33,485717,14718,33,16661,66,15689,2012
265,Kings,33,478764,14508,33,16905,66,15706,2012
266,Pistons,33,475638,14413,33,16342,66,15378,2012
267,Pacers,33,467561,14168,33,16597,66,15382,2012
268,Nets,33,460719,13961,33,17081,66,15521,2012
269,Bulls,41,896944,21876,41,18144,82,20010,2013
270,Mavericks,41,821490,20036,41,17613,82,18824,2013
271,Heat,41,819290,19982,41,19090,82,19536,2013
272,Trail Blazers,41,813012,19829,41,16727,82,18278,2013
273,Warriors,41,794320,19373,41,17204,82,18288,2013
274,Clippers,41,788293,19226,41,17806,82,18516,2013
275,NY Knicks,41,780353,19033,41,18271,82,18652,2013
276,Lakers,41,778877,18997,41,18866,82,18931,2013
277,Jazz,41,765915,18680,41,16769,82,17724,2013
278,Celtics,40,744960,18624,41,17768,81,18191,2013
279,Spurs,41,755700,18431,41,17290,82,17861,2013
280,Thunder,41,746323,18203,41,18335,82,18269,2013
281,Raptors,41,743936,18144,41,16313,82,17229,2013
282,Nuggets,41,730616,17819,41,17401,82,17610,2013
283,Magic,41,721414,17595,41,16821,82,17208,2013
284,Nets,41,704702,17187,41,17239,82,17213,2013
285,76ers,41,685412,16717,41,17323,82,17020,2013
286,Rockets,41,683564,16672,41,17982,82,17327,2013
287,Grizzlies,41,681613,16624,41,17194,82,16909,2013
288,Wizards,41,670070,16343,41,16193,82,16268,2013
289,Timberwolves,41,669956,16340,41,17034,82,16687,2013
290,Cavaliers,41,663882,16192,41,16780,82,16486,2013
291,Suns,41,632913,15436,41,17152,82,16294,2013
292,Hornets,41,628293,15324,41,16502,82,15913,2013
293,Pacers,41,626069,15269,40,17061,81,16154,2013
294,Hawks,41,620146,15125,41,17165,82,16145,2013
295,Bucks,41,616469,15035,41,16919,82,15977,2013
296,Pistons,41,606094,14782,41,16885,82,15834,2013
297,Pelicans,41,565930,13803,41,17254,82,15528,2013
298,Kings,41,563743,13749,41,17305,82,15527,2013
299,Bulls,41,890370,21716,41,17551,82,19634,2014
300,Mavericks,41,817982,19950,41,17268,82,18609,2014
301,NY Knicks,41,812292,19812,41,17422,82,18617,2014
302,Heat,41,811036,19781,41,19190,82,19486,2014
303,Trail Blazers,41,809612,19746,41,17312,82,18529,2014
304,Warriors,41,803436,19596,41,17526,82,18561,2014
305,Clippers,41,787692,19212,41,17218,82,18215,2014
306,Lakers,41,771974,18828,41,17845,82,18337,2014
307,Spurs,41,755031,18415,41,17627,82,18021,2014
308,Raptors,41,748339,18252,41,16702,82,17477,2014
309,Thunder,41,746323,18203,41,18170,82,18186,2014
310,Jazz,41,745203,18175,41,17295,82,17735,2014
311,Rockets,41,743082,18123,41,17427,82,17775,2014
312,Celtics,41,742400,18107,41,17484,82,17796,2014
313,Pacers,41,717542,17501,41,17872,82,17686,2014
314,Cavaliers,41,710522,17329,41,17388,82,17358,2014
315,Nets,41,707331,17251,41,17528,82,17390,2014
316,Wizards,41,698068,17026,41,17183,82,17104,2014
317,Nuggets,41,692898,16899,41,17211,82,17055,2014
318,Grizzlies,41,685458,16718,41,17269,82,16993,2014
319,Pelicans,41,672029,16390,41,17397,82,16894,2014
320,Kings,41,667949,16291,41,16859,82,16575,2014
321,Magic,41,666046,16245,41,16583,82,16414,2014
322,Suns,41,650739,15871,41,17250,82,16560,2014
323,Hornets,41,636268,15518,41,17026,82,16272,2014
324,Pistons,41,615238,15005,41,17280,82,16143,2014
325,Timberwolves,41,597157,14564,41,17605,82,16085,2014
326,Hawks,41,587927,14339,41,17274,82,15807,2014
327,76ers,41,568632,13869,41,17441,82,15655,2014
328,Bucks,41,552967,13487,41,17013,82,15250,2014
329,Bulls,41,875091,21343,41,18404,82,19874,2015
330,Cavaliers,41,843042,20562,41,18915,82,19738,2015
331,Mavericks,41,827702,20187,41,17653,82,18920,2015
332,NY Knicks,41,812292,19812,41,17462,82,18637,2015
333,Raptors,41,809824,19751,41,17522,82,18637,2015
334,Heat,41,808223,19712,41,17703,82,18708,2015
335,Warriors,41,803436,19596,41,18312,82,18954,2015
336,Trail Blazers,41,801733,19554,41,17657,82,18605,2015
337,Clippers,41,785892,19168,41,18079,82,18623,2015
338,Jazz,41,772059,18830,41,17135,82,17982,2015
339,Lakers,41,768244,18737,41,17875,82,18306,2015
340,Spurs,41,762855,18606,41,17972,82,18289,2015
341,Wizards,41,747796,18238,41,18253,82,18246,2015
342,Rockets,41,747412,18229,41,17969,82,18099,2015
343,Thunder,41,746323,18203,41,17956,82,18079,2015
344,Celtics,41,721350,17593,41,17741,82,17667,2015
345,Hawks,41,713909,17412,41,17582,82,17497,2015
346,Grizzlies,41,710502,17329,41,18017,82,17673,2015
347,Hornets,41,704886,17192,41,17654,82,17423,2015
348,Nets,41,698529,17037,41,18039,82,17538,2015
349,Suns,41,693862,16923,41,17586,82,17254,2015
350,Pacers,41,691434,16864,41,17892,82,17378,2015
351,Magic,41,688194,16785,41,17585,82,17185,2015
352,Pelicans,41,683757,16677,41,17640,82,17158,2015
353,Kings,41,680049,16586,41,17515,82,17050,2015
354,Pistons,41,625917,15266,41,17866,82,16566,2015
355,Bucks,41,611226,14907,41,17180,82,16044,2015
356,Nuggets,41,602707,14700,41,17437,82,16068,2015
357,Timberwolves,41,595652,14528,41,18000,82,16264,2015
358,76ers,41,571572,13940,41,17665,82,15802,2015
359,Bulls,41,894659,21820,41,18156,82,19988,2016
360,Cavaliers,41,843042,20562,41,18910,82,19736,2016
361,Mavericks,41,825901,20143,41,17727,82,18935,2016
362,Raptors,41,812863,19825,41,17162,82,18494,2016
363,NY Knicks,41,812292,19812,41,18440,82,19126,2016
364,Heat,41,809350,19740,41,18044,82,18892,2016
365,Warriors,41,803436,19596,41,19134,82,19365,2016
366,Trail Blazers,41,794085,19367,41,17703,82,18535,2016
367,Jazz,41,791489,19304,41,17378,82,18341,2016
368,Clippers,41,786910,19192,41,17792,82,18492,2016
369,Lakers,41,778877,18997,41,19149,82,19073,2016
370,Spurs,41,756445,18449,41,17938,82,18194,2016
371,Celtics,41,749076,18270,41,17439,82,17854,2016
372,Thunder,41,746323,18203,41,18258,82,18230,2016
373,Rockets,41,737244,17981,41,17740,82,17861,2016
374,Wizards,41,725426,17693,41,17787,82,17740,2016
375,Magic,41,719275,17543,41,17175,82,17359,2016
376,Hornets,41,716894,17485,41,17784,82,17634,2016
377,Kings,41,707526,17256,41,17355,82,17306,2016
378,Suns,41,701405,17107,41,16881,82,16994,2016
379,Pacers,41,690733,16847,41,17851,82,17349,2016
380,Hawks,41,690150,16832,41,17611,82,17222,2016
381,Pelicans,41,688549,16793,41,17851,82,17322,2016
382,Grizzlies,41,684603,16697,41,17589,82,17143,2016
383,Pistons,41,677138,16515,41,17814,82,17164,2016
384,Bucks,41,621808,15166,41,17623,82,16394,2016
385,Nets,41,620142,15125,41,18106,82,16615,2016
386,76ers,41,610121,14881,41,17491,82,16186,2016
387,Timberwolves,41,581178,14175,41,17831,82,16003,2016
388,Nuggets,41,577898,14095,41,17751,82,15923,2016
389,Bulls,41,888882,21680,41,18033,82,19856,2017
390,Cavaliers,41,843042,20562,41,19021,82,19791,2017
391,Raptors,41,813050,19830,41,17925,82,18878,2017
392,Mavericks,41,811366,19789,41,17519,82,18654,2017
393,NY Knicks,41,810741,19774,41,17927,82,18850,2017
394,Jazz,41,806605,19673,41,17212,82,18442,2017
395,Heat,41,805400,19643,41,17818,82,18731,2017
396,Warriors,41,803436,19596,41,19015,82,19305,2017
397,Trail Blazers,41,792029,19317,41,17555,82,18436,2017
398,Clippers,41,782609,19088,41,17889,82,18488,2017
399,Lakers,41,776917,18949,41,18191,82,18570,2017
400,Celtics,41,760690,18553,41,18313,82,18433,2017
401,Spurs,41,755347,18423,41,18131,82,18277,2017
402,Thunder,41,746323,18203,41,18373,82,18288,2017
403,Magic,41,727875,17753,41,17333,82,17543,2017
404,Kings,41,721928,17608,41,17489,82,17548,2017
405,Hornets,41,710643,17332,41,17563,82,17448,2017
406,76ers,41,710557,17330,41,17209,82,17269,2017
407,Suns,41,708639,17283,41,17618,82,17451,2017
408,Wizards,41,697107,17002,41,17949,82,17476,2017
409,Rockets,41,695903,16973,41,18140,82,17556,2017
410,Pacers,41,684578,16697,41,17848,82,17272,2017
411,Grizzlies,41,677314,16519,41,17655,82,17087,2017
412,Pelicans,41,663099,16173,41,18062,82,17118,2017
413,Pistons,41,655141,15979,41,17699,82,16839,2017
414,Hawks,41,654306,15958,41,17816,82,16887,2017
415,Bucks,41,648952,15828,41,17928,82,16878,2017
416,Nets,41,632608,15429,41,17755,82,16592,2017
417,Timberwolves,41,607203,14809,41,18113,82,16461,2017
418,Nuggets,41,605585,14770,41,17420,82,16095,2017
419,Bulls,41,851824,20776,41,18030,82,19403,2018
420,Cavaliers,41,843042,20562,41,19071,82,19825,2018
421,76ers,41,833503,20329,41,18012,82,19185,2018
422,Raptors,41,813431,19839,41,17673,82,18756,2018
423,Mavericks,41,811453,19791,41,17374,82,18597,2018
424,Heat,41,785250,19631,41,18177,82,18895,2018
425,Warriors,41,803436,19596,41,18884,82,19240,2018
426,Trail Blazers,41,795328,19398,41,17556,82,18477,2018
427,NY Knicks,41,792608,19331,41,18179,82,18762,2018
428,Lakers,41,776327,18934,41,18655,82,18796,2018
429,Celtics,41,744960,18624,41,18588,82,18606,2018
430,Spurs,41,754562,18403,41,18427,82,18415,2018
431,Thunder,41,746323,18203,41,18866,82,18534,2018
432,Wizards,41,718946,17973,41,17682,82,17826,2018
433,Jazz,41,734806,17922,41,17495,82,17708,2018
434,Rockets,41,716008,17900,41,18369,82,18137,2018
435,Magic,41,715728,17893,41,17651,82,17770,2018
436,Kings,41,649571,17555,41,17478,82,17515,2018
437,Pistons,41,713945,17413,41,17959,82,17686,2018
438,Nuggets,41,702796,17141,41,17871,82,17506,2018
439,Timberwolves,41,699308,17056,41,17850,82,17453,2018
440,Clippers,41,697812,17019,41,17735,82,17373,2018
441,Suns,41,674655,16866,41,17610,82,17243,2018
442,Bucks,41,685303,16714,41,18380,82,17547,2018
443,Pelicans,41,673920,16437,41,17911,82,17174,2018
444,Hornets,41,671404,16375,41,17623,82,16999,2018
445,Pacers,41,658119,16051,41,17749,82,16889,2018
446,Grizzlies,41,653863,15947,41,17348,82,16648,2018
447,Nets,41,622278,15556,41,17687,82,16622,2018
448,Hawks,41,590769,14409,41,17854,82,16088,2018
449,76ers,41,838092,20441,41,17895,82,19168,2019
450,Bulls,41,823475,20084,41,17822,82,18953,2019
451,Mavericks,41,820569,20013,41,18073,82,19043,2019
452,Raptors,41,812822,19824,41,18239,82,19032,2019
453,Heat,41,805264,19640,41,18176,82,18908,2019
454,Warriors,41,803436,19596,41,18790,82,19193,2019
455,Trail Blazers,41,799345,19496,41,17992,82,18753,2019
456,Cavaliers,41,793337,19349,41,17632,82,18490,2019
457,NY Knicks,41,779087,19002,41,17566,82,18284,2019
458,Lakers,41,778877,18997,41,18862,82,18929,2019
459,Celtics,41,763584,18624,41,18671,82,18647,2019
460,Nuggets,41,756457,18450,41,17474,82,17962,2019
461,Spurs,41,750616,18307,41,17381,82,17844,2019
462,Jazz,41,750546,18306,41,17517,82,17911,2019
463,Thunder,41,746323,18203,41,17866,82,18034,2019
464,Rockets,41,740392,18058,41,17921,82,17989,2019
465,Bucks,41,721692,17602,41,18185,82,17893,2019
466,Magic,41,720024,17561,41,17659,82,17610,2019
467,Wizards,41,716996,17487,41,17509,82,17498,2019
468,Clippers,41,710327,17325,41,17233,82,17279,2019
469,Kings,41,700975,17096,41,17199,82,17148,2019
470,Pacers,41,689310,16812,41,17957,82,17377,2019
471,Hornets,41,676570,16501,41,17648,82,17074,2019
472,Pistons,41,675963,16486,41,17819,82,17153,2019
473,Pelicans,41,656183,16004,41,17667,82,16835,2019
474,Grizzlies,41,607564,15578,41,17579,82,16604,2019
475,Hawks,41,628440,15327,41,17786,82,16557,2019
476,Timberwolves,41,627543,15305,41,17641,82,16473,2019
477,Suns,41,627023,15293,41,17982,82,16638,2019
478,Nets,41,612597,14941,41,18085,82,16513,2019
479,76ers,35,639491,20628,38,17706,73,19122,2020
480,Mavericks,38,682096,20061,37,18249,75,19169,2020
481,Raptors,36,633456,19795,36,17789,72,18792,2020
482,Heat,36,629771,19680,37,18127,73,18891,2020
483,Trail Blazers,36,608634,19633,38,17941,74,18748,2020
484,Nuggets,37,633153,19186,36,17163,73,18190,2020
485,Celtics,36,610864,19089,36,18409,72,18749,2020
486,Clippers,36,610176,19068,36,17855,72,18461,2020
487,Lakers,35,588907,18997,36,18877,71,18936,2020
488,NY Knicks,33,620789,18811,33,17767,66,18289,2020
489,Bulls,34,639352,18804,31,17767,65,18310,2020
490,Spurs,34,550515,18350,37,17588,71,17951,2020
491,Jazz,35,567486,18306,37,17261,72,17767,2020
492,Thunder,37,600699,18203,35,17855,72,18034,2020
493,Rockets,36,578458,18076,36,18072,72,18074,2020
494,Warriors,34,614176,18064,31,17454,65,17773,2020
495,Cavaliers,36,623576,17816,29,18254,65,18014,2020
496,Bucks,35,549036,17710,38,17892,73,17805,2020
497,Magic,35,529870,17092,38,17243,73,17171,2020
498,Kings,35,520663,16795,37,17739,72,17282,2020
499,Wizards,36,532702,16646,36,17587,72,17117,2020
500,Pacers,36,529002,16531,37,17297,73,16914,2020
501,Pelicans,36,528172,16505,36,18234,72,17369,2020
502,Nets,36,524907,16403,36,17910,72,17157,2020
503,Hawks,34,545453,16042,33,17786,67,16901,2020
504,Grizzlies,37,523297,15857,36,17508,73,16670,2020
505,Suns,39,550633,15732,34,17660,73,16622,2020
506,Pistons,33,509463,15438,33,17641,66,16539,2020
507,Hornets,31,478591,15438,34,17564,65,16550,2020
508,Timberwolves,32,482112,15066,32,17463,64,16264,2020
509,Bulls,41,856148,20881,41,18198,82,19556,2022
510,76ers,41,846867,20655,41,16589,82,18622,2022
511,Mavericks,41,809315,19739,41,17092,82,18415,2022
512,Heat,41,804761,19628,41,17294,82,18476,2022
513,Celtics,41,766240,19156,41,17583,82,18360,2022
514,Raptors,41,547343,18873,41,17233,82,17913,2022
515,Lakers,41,764631,18649,41,18179,82,18414,2022
516,NY Knicks,41,763484,18621,41,17722,82,18177,2022
517,Cavaliers,41,758228,18493,41,17134,82,17813,2022
518,Jazz,41,750546,18306,41,16898,82,17610,2022
519,Warriors,41,740624,18064,41,18111,82,18087,2022
520,Bucks,41,715581,17453,41,17656,82,17555,2022
521,Nets,41,711539,17354,41,17456,82,17405,2022
522,Trail Blazers,41,705608,17209,41,16559,82,16888,2022
523,Hornets,41,700755,17091,41,17503,82,17294,2022
524,Nuggets,41,695262,16957,41,16864,82,16911,2022
525,Clippers,41,694005,16926,41,16910,82,16918,2022
526,Suns,41,679252,16567,41,17403,82,16979,2022
527,Hawks,41,672742,16408,41,17073,82,16736,2022
528,Pistons,41,663556,16184,41,16752,82,16468,2022
529,Timberwolves,41,657148,16028,41,16811,82,16419,2022
530,Grizzlies,41,646785,15775,41,17740,82,16757,2022
531,Rockets,41,638977,15584,41,16655,82,16120,2022
532,Wizards,41,637215,15541,41,16939,82,16231,2022
533,Pelicans,41,635941,15510,41,16727,82,16103,2022
534,Magic,41,622881,15192,41,17062,82,16127,2022
535,Spurs,41,615588,15014,41,16939,82,15965,2022
536,Thunder,41,595112,14877,41,16638,82,15768,2022
537,Kings,41,577583,14439,41,16598,82,15532,2022
538,Pacers,41,588743,14359,41,16794,82,15577,2022
