,yearCombine,idPlayer,namePlayer,slugPosition,heightWOShoesInches,weightLBS,wingspanInches,reachStandingInches
0,2001,2124.0,Malik Allen,PF-C,80.25,271.0,86.5,109.0
1,2001,12019.0,Harold Arceneaux,SG-SF,76.5,219.0,80.5,103.0
2,2001,12020.0,Lamont Barnes,PF-C,80.5,235.5,87.5,108.0
3,2001,12131.0,Mario Bland,PF,77.5,287.0,84.0,103.0
4,2001,2056.0,Primoz Brezec,C,84.75,243.0,86.0,110.0
5,2001,2081.0,Ernest Brown,C,82.0,222.5,85.25,109.5
6,2001,2049.0,Speedy Claxton,PG,70.5,166.0,72.0,94.5
7,2001,12132.0,Eric Coley,SG-SF,76.0,205.0,83.0,102.0
8,2001,12133.0,Ed Cota,PG,72.25,189.0,76.0,96.5
9,2001,12134.0,Schea Cotton,SF,76.25,219.5,79.0,100.0
10,2001,2037.0,Jamal Crawford,PG-SG,76.5,175.0,82.0,102.5
11,2001,12017.0,Caswell Cyrus,PF,79.75,220.5,86.0,107.5
12,2001,2064.0,Khalid El-Amin,PG,69.0,200.0,73.5,93.0
13,2001,12018.0,Vassil Evtimov,PF,81.75,262.0,82.5,106.5
14,2001,2238.0,Antonis Fotsis,SF,81.25,219.0,80.5,106.0
15,2001,2109.0,Eddie Gill,PG,71.75,176.0,76.0,93.0
16,2001,12135.0,Ceedric Goodwyn,SF-PF,78.0,238.0,82.0,104.5
17,2001,12136.0,Marcus Goree,SF-PF,79.5,239.0,84.5,105.5
18,2001,12137.0,A.J. Granger,SF,79.5,227.0,81.5,103.0
19,2001,2062.0,A.J. Guyton,PG-SG,72.75,175.0,75.75,97.5
20,2001,2110.0,Ron Hale,SG-SF,79.5,202.0,83.0,104.5
21,2001,2078.0,Jason Hart,PG,73.75,181.0,78.0,97.5
22,2001,2051.0,Donnell Harvey,PF,79.25,220.0,84.5,105.5
23,2001,12138.0,Johnny Hemsley,SG-SF,74.75,200.0,80.0,100.5
24,2001,12139.0,Michael Hermon,SG-PG,74.75,195.0,78.25,98.5
25,2001,2083.0,Cory Hightower,SG-SF,77.5,183.0,83.0,101.5
26,2001,12140.0,Shaheen Holloway,PG,69.5,174.0,70.0,91.0
27,2001,2067.0,Eddie House,SG-PG,71.75,176.5,75.5,95.0
28,2001,2111.0,Jimmie Hunter,SG-PG,75.0,170.0,80.0,100.0
29,2001,12141.0,Jacob Jaacks,PF,81.25,238.0,83.0,105.5
30,2001,2060.0,Marko Jaric,SG-SF,78.5,210.0,81.0,104.0
31,2001,12142.0,Nate Johnson,SF,78.5,211.5,80.5,104.0
32,2001,12143.0,Kenyon Jones,PF-C,81.0,282.0,85.0,108.0
33,2001,2077.0,Mark Karcher,SG,76.0,218.0,80.0,102.5
34,2001,12144.0,Brandon Kurtz,PF-C,81.5,257.0,83.25,106.5
35,2001,2061.0,Dan Langhi,SF,81.0,197.5,80.0,104.0
36,2001,2090.0,Justin Love,PG-SG,73.5,205.5,76.5,97.5
37,2001,2058.0,Mark Madsen,PF,80.0,236.5,84.5,104.5
38,2001,2082.0,Dan McClintock,C-PF,83.0,250.0,85.5,107.0
39,2001,2087.0,Pete Mickeal,SG-SF,77.0,222.0,81.5,103.5
40,2001,12145.0,Brian Montonati,PF,80.75,215.0,82.5,106.0
41,2001,2508.0,Gabe Muoneke,PF-SF,78.25,244.0,84.5,105.0
42,2001,12146.0,Ndongo N'diaye,C,83.5,208.0,87.5,112.5
43,2001,2059.0,Eduardo Najera,PF-SF,78.5,234.5,83.5,104.5
44,2001,12147.0,Matthew Nielsen,PF,81.0,223.0,82.5,106.0
45,2001,2084.0,Chris Porter,SF-PF,77.5,214.0,81.5,103.5
46,2001,2068.0,Lavor Postell,SG,76.5,205.0,80.5,101.5
47,2001,2080.0,Igor Rakocevic,PG,74.5,184.0,77.25,100.0
48,2001,12148.0,Reed Rawlings,SG-SF,78.25,218.0,81.25,104.0
49,2001,2072.0,Michael Redd,SG-SF,76.75,214.0,81.0,102.0
50,2001,12149.0,Damon Reed,PF-C,80.5,228.0,81.5,104.5
51,2001,12021.0,Aubrey Reese,PG,70.75,189.0,77.5,94.5
52,2001,2121.0,Terrance Roberson,SF,77.5,209.0,80.0,103.5
53,2001,12022.0,Julius Doc Robinson,PG,72.0,184.0,75.75,95.5
54,2001,12023.0,Pepe Sanchez,PG,75.0,194.0,75.5,96.0
55,2001,12024.0,Matt Santangelo,PG,72.0,177.0,75.0,94.0
56,2001,2637.0,Alex Scales,SG-PG,74.25,184.5,81.0,97.5
57,2001,12025.0,Karim Shabazz,C,83.5,224.0,87.0,111.5
58,2001,12026.0,Nick Sheppard,PF-C,81.5,273.0,83.0,107.5
59,2001,2065.0,Mike Smith,SF,78.5,198.0,80.5,103.0
60,2001,2074.0,Jabari Smith,PF-C,81.75,240.5,86.5,109.5
61,2001,12027.0,Jarrett Stephens,PF,77.25,258.0,81.25,103.0
62,2001,12028.0,Bootsy Thornton,SG,75.5,194.5,78.5,101.5
63,2001,12029.0,Jaquay Walls,PG,73.25,165.5,74.5,96.5
64,2001,12030.0,Jameel Watkins,PF-C,81.5,244.5,90.0,110.0
65,2002,12033.0,Adam Allenspach,C,83.5,259.0,84.5,107.0
66,2002,2240.0,Gilbert Arenas,SG,74.25,199.0,81.5,99.5
67,2002,2220.0,Brandon Armstrong,SG,75.5,188.0,81.5,99.5
68,2002,2203.0,Shane Battier,SF-PF,80.25,229.0,82.5,105.0
69,2002,12034.0,Cookie Belcher,SG-PG,75.0,206.0,80.5,99.0
70,2002,2294.0,Charlie Bell,PG,74.5,200.0,79.5,97.5
71,2002,2257.0,Ruben Boumtje-Boumtje,C,83.5,245.0,88.0,111.0
72,2002,12035.0,Calvin Bowman,PF,80.75,214.0,83.5,104.0
73,2002,2214.0,Michael Bradley,PF,81.5,227.0,85.5,107.0
74,2002,2249.0,Jamison Brewer,PG,74.5,178.0,80.75,102.5
75,2002,2198.0,Kwame Brown,PF-C,82.0,243.0,85.0,108.0
76,2002,2245.0,Damone Brown,SF,80.25,202.0,83.75,104.5
77,2002,12031.0,SirValiant Brown,PG,71.0,176.0,76.0,92.5
78,2002,12032.0,Ryan Carroll,SF-SG,76.0,202.0,80.25,99.0
79,2002,2199.0,Tyson Chandler,SF-PF,83.5,224.0,87.0,110.0
80,2002,2251.0,Eric Chenowith,C,85.0,264.0,88.0,111.0
81,2002,2439.0,Sam Clancy,PF,78.25,242.0,86.75,107.0
82,2002,12036.0,Gyasi Cline-Heard,PF,78.25,231.0,83.5,103.0
83,2002,2260.0,Jarron Collins,C-PF,81.25,252.0,87.0,104.0
84,2002,2215.0,Jason Collins,PF-C,82.25,251.0,88.5,110.0
85,2002,2241.0,Omar Cook,PG,71.5,189.0,77.5,92.0
86,2002,2201.0,Eddy Curry,C,82.5,301.0,90.5,111.0
87,2002,12037.0,Tate Decker,SF,81.25,218.0,83.75,107.0
88,2002,2205.0,DeSagana Diop,C,82.0,314.0,90.5,113.0
89,2002,12038.0,Robb Dryden,C,85.0,241.0,86.5,110.2
90,2002,2230.0,Maurice Evans,SG,76.25,221.0,80.0,101.0
91,2002,12039.0,Anthony Evans,PF,78.0,267.0,83.5,101.5
92,2002,12150.0,Benjamin Eze,C-PF,80.75,232.0,90.0,109.0
93,2002,2386.0,Kimani Ffriend,C-PF,81.5,228.0,82.75,108.5
94,2002,2228.0,Alton Ford,PF,80.25,271.0,82.5,102.5
95,2002,2218.0,Joseph Forte,SG,75.5,193.0,78.5,100.5
96,2002,-1.0,Jason Gardner,PG,69.75,188.0,73.25,92.5
97,2002,12151.0,Jerry Green,PG-SG,73.5,179.0,78.25,99.0
98,2002,12152.0,Kenny Gregory,SF,75.5,200.0,83.25,101.0
99,2002,2204.0,Eddie Griffin,PF-SF,81.25,222.0,87.0,110.0
100,2002,2239.0,Trenton Hassell,SG-SF,76.25,205.0,80.0,99.5
101,2002,2213.0,Kirk Haston,PF-SF,80.0,242.0,84.25,106.0
102,2002,12153.0,Charles Hathaway,C,80.0,274.0,86.0,107.5
103,2002,2217.0,Brendan Haywood,C,83.75,266.0,90.5,113.5
104,2002,12154.0,Michael Hicks,SG,76.0,197.0,81.25,100.5
105,2002,2212.0,Steven Hunter,C-PF,82.25,224.0,88.0,108.0
106,2002,12155.0,Andre Hutson,PF,80.25,244.0,83.75,105.5
107,2002,12156.0,Nate James,SF,76.75,196.0,82.75,103.0
108,2002,2210.0,Richard Jefferson,SF,79.25,223.0,84.0,103.0
109,2002,2798.0,Horace Jenkins,PG,71.75,171.0,77.25,97.0
110,2002,12157.0,Darrell Johns,C,83.25,278.0,89.0,111.5
111,2002,2256.0,Ken Johnson,C,82.75,227.0,88.0,109.5
112,2002,2207.0,Joe Johnson,SF-SG,78.75,226.0,81.0,105.0
113,2002,12158.0,Darren Kelly,SG-PG,74.0,178.0,78.75,100.0
114,2002,2253.0,Sean Lampley,SF,77.5,213.0,81.25,101.0
115,2002,12159.0,Zach Marbury,PG-SG,73.25,183.0,75.5,96.5
116,2002,12160.0,Mike Mardesich,C-PF,82.25,247.0,84.5,108.5
117,2002,12161.0,DeMarcus Minor,SG,75.25,207.0,80.25,99.5
118,2002,200081.0,Jamario Moon,SF,78.5,185.0,83.5,103.0
119,2002,2211.0,Troy Murphy,PF,81.75,230.0,83.0,105.5
120,2002,12162.0,Troy Ostler,PF-SF,80.75,200.0,85.5,106.5
121,2002,40046.0,Lazaros Papadopoulos,C-PF,82.25,227.0,86.5,110.5
122,2002,12164.0,Rashad Phillips,PG,69.0,166.0,73.5,92.0
123,2002,12165.0,Demetrius Porter,PG,70.75,178.0,74.75,94.0
124,2002,12166.0,Martin Rancik,PF-SF,80.75,230.0,80.0,102.5
125,2002,2202.0,Jason Richardson,SF-SG,76.75,213.0,83.5,102.5
126,2002,2369.0,Norman Richardson,SG,75.5,180.0,76.5,99.0
127,2002,2219.0,Jeryl Sasser,PG-SG,77.5,194.0,82.5,103.5
128,2002,12167.0,Kenny Satterfield,PG,73.0,176.0,76.5,98.0
129,2002,2243.0,Brian Scalabrine,PF-SF,80.75,241.0,81.75,105.5
130,2002,12168.0,Lee Scruggs,PF-SF,82.25,209.0,89.75,110.5
131,2002,2250.0,Bobby Simmons,SF,78.25,235.0,84.25,105.0
132,2002,2226.0,Will Solomon,PG-SG,71.75,172.0,81.5,99.5
133,2002,12169.0,Greg Stevenson,SF,75.75,215.0,84.5,102.0
134,2002,12170.0,Damone Thornton,PF,78.75,235.0,85.75,103.7
135,2002,2224.0,Jamaal Tinsley,PG,72.75,199.0,79.5,97.5
136,2002,12171.0,Tory Walker,SF,78.75,187.0,83.25,104.5
137,2002,12172.0,Souleymane Wane,C,80.5,235.0,89.0,109.0
138,2002,2248.0,Earl Watson,PG,72.0,184.0,78.75,97.0
139,2002,2206.0,Rodney White,SF,79.5,243.0,83.5,104.5
140,2002,2254.0,Loren Woods,C-PF,84.75,246.0,89.5,113.0
141,2002,12040.0,Brent Wright,PF-SF,79.75,236.0,85.5,105.5
142,2002,12041.0,Michael Wright,PF,79.0,247.0,83.5,106.5
143,2003,2403.0,Nene ,PF,81.25,253.0,88.5,109.0
144,2003,2425.0,Robert Archibald,PF-C,82.0,250.0,83.75,109.5
145,2003,2486.0,Maurice Baker,PG,71.75,178.0,76.0,96.0
146,2003,2440.0,Matt Barnes,SF,78.75,226.0,81.0,96.5
147,2003,12286.0,Lubos Barton,SF-SG,78.5,221.0,84.0,107.0
148,2003,2437.0,Lonny Baxter,PF-C,78.25,264.0,85.5,107.5
149,2003,12287.0,Lee Benson,SF-PF,80.25,217.0,85.75,109.0
150,2003,2430.0,Carlos Boozer,PF,79.75,258.0,86.25,108.5
151,2003,2414.0,Curtis Borchardt,C,82.75,238.0,86.5,112.0
152,2003,2452.0,J.R. Bremer,SG-PG,73.25,188.0,74.25,96.0
153,2003,12288.0,Brian Brown,PG-SG,74.5,194.0,79.0,99.0
154,2003,12289.0,Sylvere Bryan,PF,81.0,226.0,88.5,109.5
155,2003,12290.0,Chris Burgess,C,82.0,246.0,83.5,109.0
156,2003,2406.0,Caron Butler,SF-SG,77.25,222.0,83.5,103.5
157,2003,2446.0,Rasual Butler,SF,78.75,198.0,84.0,105.5
158,2003,12291.0,Mire Chatman,PG-SG,72.0,174.0,78.0,98.0
159,2003,12042.0,Chris Christoffersen,C,84.75,291.0,87.5,109.0
160,2003,12043.0,Lenny Cooke,SG-SF,77.5,214.0,85.0,107.0
161,2003,12044.0,Craig Dawson,SG-SF,75.5,200.0,78.25,102.0
162,2003,2399.0,Mike Dunleavy,SF,80.0,230.0,81.0,106.0
163,2003,12045.0,Teddy Dupay,PG,69.5,178.0,70.75,90.5
164,2003,2451.0,Corsley Edwards,PF,79.25,285.0,82.75,106.5
165,2003,12046.0,Andy Ellis,PF,81.25,220.0,82.25,102.0
166,2003,2408.0,Melvin Ely,PF,81.0,240.0,88.0,111.0
167,2003,2501.0,Reggie Evans,PF,79.5,250.0,86.5,107.5
168,2003,12047.0,Peter Fehse,PF-C,82.0,220.0,84.5,109.0
169,2003,2400.0,Drew Gooden,PF,80.75,227.0,84.5,106.5
170,2003,12066.0,David Graves,SG,76.5,212.0,79.0,101.0
171,2003,2696.0,Lynn Greer,PG,72.25,170.0,73.0,94.5
172,2003,12067.0,Rod Grizzard,SF-SG,78.0,193.0,84.0,107.0
173,2003,101219.0,Anthony Grundy,PG-SG,72.75,167.0,79.75,99.0
174,2003,2409.0,Marcus Haislip,PF,80.5,221.0,84.0,107.0
175,2003,12068.0,Damon Hancock,SG-PG,74.75,203.0,78.0,99.5
176,2003,12069.0,Greg Harrington,PG,73.0,183.0,75.75,97.0
177,2003,2617.0,Udonis Haslem,PF,79.75,250.0,83.0,107.0
178,2003,12070.0,Cordell Henry,PG,68.0,155.0,73.0,92.0
179,2003,2450.0,Randy Holcomb,SF-PF,79.0,225.0,85.0,105.0
180,2003,2415.0,Ryan Humphrey,PF-SF,78.0,223.0,84.0,104.5
181,2003,2407.0,Jared Jeffries,PF,82.0,230.0,84.5,109.0
182,2003,12049.0,Jason Jennings,C,83.25,249.0,91.0,111.0
183,2003,2495.0,Lonnie Jones,C-PF,82.25,230.0,86.25,112.0
184,2003,2410.0,Fred Jones,SG,74.25,218.0,84.0,100.0
185,2003,2435.0,Mario Kasun,C,83.75,260.0,83.5,109.0
186,2003,12050.0,Sean Kennedy,PG,72.75,182.0,74.5,96.0
187,2003,12051.0,Kris Lang,C-PF,81.25,242.0,83.75,109.0
188,2003,12052.0,Muhammed Lasege,C-PF,80.75,228.0,86.0,108.5
189,2003,12053.0,Steve Logan,PG,70.0,207.0,71.75,92.5
190,2003,2677.0,Kevin Lyde,C-PF,80.75,278.0,86.0,109.5
191,2003,2432.0,Tito Maddox,PG,75.0,200.0,77.0,99.0
192,2003,12054.0,Kei Madison,SF,79.75,216.0,84.5,107.0
193,2003,-1.0,Chris Massie,PF,78.25,248.0,84.0,107.0
194,2003,12055.0,Immanuel McElroy,SG,74.25,191.0,78.5,100.0
195,2003,12056.0,Aaron McGhee,PF-SF,79.0,255.0,82.0,105.5
196,2003,12057.0,Elvin Mims,SF-SG,76.25,211.0,85.5,105.5
197,2003,12058.0,Byron Mouton,SG-SF,76.5,213.0,82.25,102.0
198,2003,2436.0,Ronald Murray,SG,75.0,197.0,79.5,100.5
199,2003,12059.0,Uche Okafor,PF-C,81.0,229.0,89.5,112.0
200,2003,2442.0,Chris Owens,PF-SF,79.0,237.0,83.5,104.0
201,2003,2457.0,Jannero Pargo,PG,72.25,168.0,74.5,96.0
202,2003,2470.0,Smush Parker,PG-SG,74.5,179.0,82.0,107.5
203,2003,2458.0,Luke Recker,SG-SF,76.75,198.0,79.0,101.0
204,2003,12061.0,Rolan Roberts,PF,77.75,241.0,85.0,105.5
205,2003,12062.0,Travis Robinson,SF,77.25,211.0,82.5,104.5
206,2003,2416.0,Kareem Rush,SG-SF,76.75,199.0,81.75,103.5
207,2003,12063.0,Brooks Sales,PF-C,81.0,232.0,82.0,108.0
208,2003,2422.0,John Salmons,SF-SG,77.5,207.0,82.25,104.0
209,2003,2453.0,Predrag Savovic,SG,76.75,212.0,79.0,102.0
210,2003,201324.0,Julian Sensley,PF-SF,79.0,228.0,83.5,105.5
211,2003,12064.0,Israel Sheinfeld,PF-C,80.25,239.0,81.75,106.5
212,2003,12065.0,Preston Shumpert,SF,78.0,197.0,80.5,103.5
213,2003,2447.0,Tamar Slay,SF,78.75,203.0,83.5,104.0
214,2003,2443.0,Darius Songaila,PF,80.0,240.0,85.0,108.5
215,2003,2405.0,Amar'e Stoudemire,PF,80.5,233.0,85.75,108.5
216,2003,2445.0,Marcus Taylor,PG,73.0,181.0,76.5,98.5
217,2003,12297.0,Jobey Thomas,SG,74.75,183.0,77.75,99.5
218,2003,2402.0,Dajuan Wagner,PG-SG,72.75,193.0,74.0,99.0
219,2003,2404.0,Chris Wilcox,PF-C,80.25,218.0,85.0,107.5
220,2003,2421.0,Frank Williams,PG,73.5,212.0,80.0,100.5
221,2003,2398.0,Jay Williams,PG,72.25,197.0,75.5,97.0
222,2003,2465.0,George Williams,PF-SF,77.75,214.0,84.5,103.0
223,2003,2417.0,Qyntel Woods,SF-SG,79.0,213.0,82.0,105.0
224,2003,2428.0,Vincent Yarbrough,SF,77.5,202.0,84.5,104.5
225,2004,200995.0,Aloysius Anagonye,PF,78.75,257.0,86.5,106.0
226,2004,12072.0,Rick Anderson,SF-PF,80.25,216.0,83.0,106.5
227,2004,2546.0,Carmelo Anthony,SF,78.25,233.0,84.0,105.5
228,2004,2602.0,Jerome Beasley,SF-PF,81.0,237.0,84.5,107.0
229,2004,2559.0,Troy Bell,PG,72.25,178.0,77.0,97.5
230,2004,12073.0,LaVell Blanchard,SF,78.0,205.0,78.0,101.5
231,2004,2586.0,Keith Bogans,SG,76.25,213.0,81.25,101.0
232,2004,2588.0,Matt Bonner,PF-SF,80.5,242.0,80.75,105.5
233,2004,2547.0,Chris Bosh,PF,82.25,225.0,87.5,109.0
234,2004,2651.0,Jermaine Boyette,PG-SG,73.0,187.0,76.0,96.0
235,2004,12295.0,Souleymane Camara,PF-SF,81.75,211.0,86.25,109.0
236,2004,2679.0,Matt Carroll,SG-SF,77.0,207.0,78.5,98.5
237,2004,2555.0,Nick Collison,PF,80.75,255.0,85.5,108.0
238,2004,2567.0,Brian Cook,PF-SF,81.5,234.0,86.0,109.0
239,2004,12074.0,Joel Cornette,PF-SF,80.25,239.0,81.25,105.5
240,2004,2605.0,Marquis Daniels,SG-PG,77.25,198.0,82.0,103.5
241,2004,12075.0,Aleksander Djuric,C-PF,82.0,253.0,84.0,108.0
242,2004,12076.0,Ruben Douglas,SG,75.5,193.0,79.25,100.5
243,2004,2648.0,Ronald Dupree,SF-SG,78.0,209.0,80.25,101.0
244,2004,2606.0,Carl English,SG-PG,76.0,201.0,77.25,98.5
245,2004,12077.0,Ebi Ere,SG,75.5,210.0,82.5,102.0
246,2004,12078.0,Marquis Estill,PF-C,80.5,257.0,88.0,108.0
247,2004,2551.0,T.J. Ford,PG,71.0,162.0,71.5,93.5
248,2004,12079.0,Jason Gardner,PG,69.75,194.0,73.0,92.0
249,2004,2584.0,Willie Green,SG-PG,74.5,201.0,79.25,100.0
250,2004,12080.0,Justin Hamilton,PG-SG,75.0,217.0,83.0,103.0
251,2004,2580.0,Travis Hansen,SG,76.5,200.0,78.5,100.5
252,2004,12081.0,Trevor Harvey,C-PF,81.5,245.0,85.0,109.5
253,2004,2618.0,Marcus Hatten,PG,72.75,163.0,78.25,98.0
254,2004,2550.0,Kirk Hinrich,PG-SG,74.75,186.0,78.0,98.5
255,2004,12082.0,Jerry Holman,PF,80.75,232.0,87.25,109.5
256,2004,12083.0,Sam Hoskin,PF,79.25,261.0,82.75,107.5
257,2004,2572.0,Josh Howard,SF-SG,77.25,202.0,86.0,105.5
258,2004,2599.0,Brandon Hunter,PF,78.5,266.0,86.75,105.5
259,2004,12084.0,Sani Ibrahim,C-PF,80.5,229.0,85.0,109.5
260,2004,12085.0,Michael Ignerski,PF-SF,81.5,232.0,82.75,107.0
261,2004,12086.0,Robert Jackson,PF-C,79.75,254.0,84.0,107.5
262,2004,2544.0,LeBron James,SF-SG,79.25,245.0,84.25,106.25
263,2004,2639.0,Britton Johnsen,SF-PF,82.0,212.0,82.75,107.5
264,2004,2563.0,Dahntay Jones,SG-SF,76.75,214.0,81.0,102.5
265,2004,2592.0,James Jones,SF,79.25,218.0,86.5,107.5
266,2004,2549.0,Chris Kaman,C-PF,83.5,252.0,83.75,110.5
267,2004,2574.0,Jason Kapono,SG-SF,78.5,215.0,78.5,102.0
268,2004,12087.0,Jason Keep,C-PF,81.75,270.0,84.5,106.5
269,2004,12088.0,Bernard King,SG-PG,75.75,200.0,77.5,98.5
270,2004,2688.0,Brandin Knight,PG,71.75,190.0,78.0,95.5
271,2004,2594.0,Kyle Korver,SF,78.25,211.0,81.5,102.5
272,2004,2591.0,James Lang,C-PF,80.25,316.0,90.25,110.0
273,2004,12089.0,Donald Little,PF-C,81.5,229.0,87.0,97.0
274,2004,2658.0,Chris Marcus,C,84.0,334.0,92.0,114.0
275,2004,12090.0,Chris Massie,PF-C,78.5,259.0,85.0,106.5
276,2004,12091.0,Will McDonald,C-PF,81.5,258.0,87.5,109.5
277,2004,2545.0,Darko Milicic,PF,83.5,250.0,89.0,111.5
278,2004,12092.0,Jeff Newton,PF,80.0,199.0,85.0,106.0
279,2004,12093.0,Uche Nsonwu-Amadi,PF-C,79.75,246.0,87.75,106.5
280,2004,12094.0,Ugonna Okyekwe,SF,79.25,228.0,87.0,109.0
281,2004,101248.0,Marlon Parmer,PG,72.75,184.0,75.5,97.0
282,2004,12095.0,Stephane Pelle,PF-SF,79.0,246.0,86.0,107.0
283,2004,2632.0,Kirk Penney,SG-SF,77.0,218.0,77.25,97.0
284,2004,2750.0,Pavel Podkolzin,C,87.5,303.0,89.75,116.0
285,2004,2694.0,Josh Powell,PF-SF,80.0,227.0,85.0,107.5
286,2004,12096.0,Hollis Price,PG-SG,71.5,165.0,76.5,94.5
287,2004,2557.0,Luke Ridnour,PG,73.0,167.0,75.0,95.5
288,2004,12097.0,Joe Shipp,SG,76.0,224.0,82.0,103.0
289,2004,12098.0,Ron Slay,SF-PF,78.0,236.0,82.0,103.5
290,2004,2604.0,Theron Smith,PF-SF,78.5,234.0,82.25,104.5
291,2004,2596.0,Tommy Smith,PF-SF,81.0,200.0,86.5,107.5
292,2004,12099.0,Marvin Stone,C-PF,81.5,261.0,87.5,109.5
293,2004,2552.0,Michael Sweetney,PF,79.25,262.0,85.0,107.5
294,2004,2756.0,Sasha Vujacic,PG-SG,77.5,193.0,77.5,101.0
295,2004,2548.0,Dwyane Wade,SG-SF,75.75,212.0,82.75,102.0
296,2004,12101.0,Wayne Wallace,PF,79.25,187.0,86.0,108.0
297,2004,2575.0,Luke Walton,SF-PF,79.75,235.0,80.5,104.0
298,2004,2561.0,David West,PF-SF,80.25,226.0,88.25,108.25
299,2004,2590.0,Mo Williams,PG-SG,72.75,189.0,77.5,98.5
300,2004,12102.0,Wesley Wilson,C-PF,82.25,257.0,87.0,110.5
301,2004,12103.0,Doug Wrenn,SF-PF,77.75,220.0,91.5,100.5
302,2004,2583.0,Derrick Zimmerman,PG,73.0,190.0,81.0,96.25
303,2005,2754.0,Tony Allen,SG,75.5,214.0,81.0,102.0
304,2005,2772.0,Trevor Ariza,SG-SF,79.0,201.0,86.0,107.5
305,2005,2857.0,Andre Barrett,PG,68.75,171.0,73.0,92.0
306,2005,101138.0,Brandon Bass,PF,78.25,246.0,86.5,106.5
307,2005,2740.0,Andris Biedrins,C,,,,
308,2005,2800.0,Tony Bobbitt,SG,74.75,185.0,79.0,100.0
309,2005,12173.0,Brian Boddicker,SF-PF,79.5,230.0,82.0,105.5
310,2005,12174.0,Tim Bowers,PG-SG,72.5,181.0,81.0,98.0
311,2005,2810.0,Andre Brown,PF-C,80.0,236.0,83.0,107.0
312,2005,2766.0,Antonio Burks,PG,72.0,191.0,78.5,96.5
313,2005,2866.0,Jackie Butler,C,80.0,263.0,85.5,109.0
314,2005,12175.0,Aleksandar Capin,PG,72.0,176.0,73.5,94.0
315,2005,12176.0,Ales Chan,C,84.0,255.0,87.0,113.0
316,2005,2735.0,Josh Childress,SG-SF,77.75,196.0,83.0,105.0
317,2005,200555.0,TJ Cummings,SF,79.5,215.0,81.5,106.5
318,2005,2845.0,Erik Daniels,SF-PF,78.25,223.0,83.0,106.0
319,2005,2736.0,Luol Deng,SF,79.0,220.0,84.5,108.5
320,2005,12177.0,Marcus Douthit,C-PF,81.5,223.0,88.0,111.5
321,2005,2768.0,Chris Duhon,PG,72.0,193.0,78.5,98.0
322,2005,2823.0,John Edwards,C,83.25,264.0,88.5,113.0
323,2005,2765.0,Andre Emmett,SG-SF,75.5,216.0,81.0,100.0
324,2005,2824.0,Desmon Farmer,SG,76.5,214.0,80.5,103.0
325,2005,2784.0,Luis Flores,PG-SG,72.5,202.0,79.5,98.5
326,2005,2782.0,Matt Freije,SF-PF,80.25,234.0,85.0,108.5
327,2005,12178.0,Chris Garnett,C-PF,80.25,260.0,85.0,108.0
328,2005,101155.0,Ryan Gomes,SF-PF,78.5,248.0,86.0,106.5
329,2005,2732.0,Ben Gordon,PG-SG,73.0,192.0,80.5,99.0
330,2005,2734.0,Devin Harris,PG,73.75,170.0,79.5,98.5
331,2005,2730.0,Dwight Howard,PF-C,81.0,240.0,88.5,111.5
332,2005,12179.0,Rolando Howell,PF,79.5,229.0,84.5,107.0
333,2005,2743.0,Kris Humphries,PF,80.25,238.0,84.5,106.5
334,2005,2738.0,Andre Iguodala,SG-SF,77.75,217.0,83.0,105.5
335,2005,12180.0,Martin Iti,C-PF,80.5,233.0,89.0,111.5
336,2005,2739.0,Luke Jackson,SF-SG,78.0,212.0,80.5,103.0
337,2005,2744.0,Al Jefferson,PF-SF,80.5,263.0,86.5,110.0
338,2005,2865.0,Arthur Johnson,PF-C,79.0,262.0,87.0,109.0
339,2005,12181.0,Ivan Koljevic,PG,73.0,172.0,74.5,95.0
340,2005,12182.0,Herve Lamizana,SF-PF,79.5,210.0,85.5,107.0
341,2005,2778.0,Sergei Lishouk,PF-SF,82.25,244.0,84.0,109.5
342,2005,2733.0,Shaun Livingston,PG-SG,78.25,186.0,83.0,105.5
343,2005,12184.0,Jaime Lloreda,PF,78.75,247.0,81.5,107.0
344,2005,12000.0,Bryant Matthews,SF-SG,77.75,206.0,84.5,105.5
345,2005,12001.0,Marcus Melvin,SF-PF,78.75,241.0,84.0,105.5
346,2005,2822.0,Rich Melzer,PF-SF,79.5,229.0,86.0,107.0
347,2005,2777.0,Ricky Minard,PG-SG,75.25,198.0,79.0,101.5
348,2005,12003.0,Marcus Moore,PG-SG,76.0,202.0,81.0,101.5
349,2005,12002.0,James Moore,PF-SF,78.5,198.0,84.5,107.0
350,2005,12004.0,Michel Morandais,SG-SF,75.75,205.0,83.5,102.0
351,2005,2749.0,Jameer Nelson,PG,71.0,199.0,74.5,95.0
352,2005,12005.0,Misan Nikagbatse,SG-PG,75.5,223.0,82.0,102.0
353,2005,2731.0,Emeka Okafor,C-PF,80.75,257.0,88.0,110.5
354,2005,12006.0,Randall Orr,PF-SF,81.0,193.0,82.5,107.5
355,2005,12007.0,Dylan Page,SF,79.5,239.0,79.0,105.0
356,2005,-1.0,Drago Pasalic,PF,81.25,231.0,83.5,108.0
357,2005,12008.0,Rickey Paulding,SG,74.75,210.0,81.5,101.5
358,2005,12009.0,Kelvin Pena,SG-PG,74.25,182.0,78.5,99.5
359,2005,2773.0,Tim Pickett,PG-SG,75.0,207.0,79.5,100.5
360,2005,12010.0,Omar Quintero,PG,69.75,170.0,71.5,92.5
361,2005,2762.0,Peter Ramos,C,85.75,266.0,89.5,111.5
362,2005,2876.0,Jared Reiner,C-PF,82.0,246.0,84.5,109.0
363,2005,101160.0,Lawrence Roberts,PF,79.5,233.0,81.5,106.5
364,2005,2774.0,Bernard Robinson,SG-SF,77.25,208.0,82.0,102.0
365,2005,101126.0,Nate Robinson,PG,67.75,181.0,73.0,91.5
366,2005,12011.0,Aerick Sanders,PF,78.5,205.0,83.5,106.0
367,2005,2781.0,Romain Sato,SG,74.0,204.0,83.0,102.5
368,2005,12012.0,Blagota Sekulic,SF-PF,81.25,234.0,83.0,107.0
369,2005,2746.0,Josh Smith,SG-SF,79.0,221.0,84.0,106.5
370,2005,2747.0,J.R. Smith,SG-SF,77.5,227.0,82.0,104.0
371,2005,2745.0,Kirk Snyder,SG-SF,78.0,228.0,81.0,104.0
372,2005,2776.0,Pape Sow,PF-C,80.5,233.0,86.0,108.5
373,2005,12014.0,Tiago Splitter,C-PF,82.25,233.0,86.0,109.5
374,2005,12015.0,Blake Stepp,PG,,,,
375,2005,12016.0,Tom Timmerrmans,PF-C,82.5,272.0,83.0,107.5
376,2005,12296.0,Marko Tomas,SG-PG,78.5,198.0,79.0,103.5
377,2005,2757.0,Beno Udrih,PG,74.5,199.0,76.5,98.0
378,2005,2761.0,Jackson Vroman,PF-C,81.25,226.0,84.0,105.5
379,2005,2753.0,Delonte West,PG-SG,73.5,183.0,78.0,99.5
380,2005,2863.0,Damien Wilkins,SG-SF,76.5,222.0,84.0,106.0
381,2005,12292.0,Mike Williams,SF,77.5,197.0,83.5,105.5
382,2005,12293.0,Nate Williams,PF-SF,80.5,240.0,85.5,109.5
383,2005,12294.0,Rashad Wright,PG,72.5,190.0,82.0,98.5
384,2006,101165.0,Alex Acker,SG,75.75,183.0,84.0,102.5
385,2006,101224.0,Deji Akindele,C-PF,81.5,236.4,87.0,108.5
386,2006,200969.0,Mustafa Al-Sayyad,PF-C,,,,
387,2006,12104.0,Nemanja Aleksandrov,PF-SF,82.0,220.6,83.0,110.0
388,2006,101187.0,Alan Anderson,SG-SF,76.5,223.2,81.5,104.0
389,2006,101149.0,Martynas Andriuskevicius,C-PF,85.25,227.8,83.25,112.5
390,2006,101252.0,Sean Banks,SF,77.75,206.4,85.0,108.0
391,2006,101188.0,Eddie Basden,SG-SF,76.25,210.0,82.25,101.0
392,2006,12105.0,Mike Bell,SF-PF,80.75,206.2,85.5,104.5
393,2006,101106.0,Andrew Bogut,C-PF,83.0,250.6,87.0,110.5
394,2006,200793.0,Dee Brown,PG-SG,71.0,179.0,74.0,94.0
395,2006,101198.0,Will Bynum,PG-SG,70.5,188.8,75.5,93.0
396,2006,12106.0,Marcus Campbell,C,82.25,280.4,90.0,114.0
397,2006,101215.0,Will Conroy,PG,73.0,188.6,75.0,96.5
398,2006,12107.0,Taylor Coppenrath,PF-SF,79.75,252.4,83.5,106.5
399,2006,101143.0,Travis Diener,PG-SG,71.75,165.2,71.75,93.5
400,2006,101113.0,Ike Diogu,PF,78.5,255.4,87.5,109.0
401,2006,12108.0,Daryl Dorsey,PG,71.25,160.8,71.5,94.0
402,2006,101145.0,Monta Ellis,SG-PG,74.25,176.6,74.75,98.0
403,2006,101109.0,Raymond Felton,PG,71.5,199.4,76.25,98.0
404,2006,201164.0,Rudy Fernandez,SG,76.75,172.0,79.5,101.5
405,2006,12109.0,D'Or Fischer,C-PF,81.25,242.4,90.0,110.5
406,2006,12110.0,Eddy Fobbs,C-PF,82.25,235.2,90.75,111.5
407,2006,101213.0,Sharrod Ford,PF,79.25,212.8,85.5,106.0
408,2006,101112.0,Channing Frye,PF-C,81.5,243.6,86.5,110.5
409,2006,101184.0,Deng Gai,PF-C,79.75,214.0,88.5,110.5
410,2006,101128.0,Francisco Garcia,SF-SG,77.75,189.6,82.75,103.0
411,2006,12111.0,John Gilchrist,PG,73.25,195.2,81.25,96.5
412,2006,101162.0,Marcin Gortat,PF-C,83.0,225.2,87.5,110.0
413,2006,101121.0,Joey Graham,SF,77.25,216.6,80.0,104.0
414,2006,101122.0,Danny Granger,SF,79.5,225.4,85.5,103.0
415,2006,101123.0,Gerald Green,SF,78.0,192.0,81.75,104.0
416,2006,101236.0,Charles Hayes,SF-PF,77.5,232.4,82.0,104.5
417,2006,101129.0,Luther Head,PG-SG,74.0,178.8,77.25,98.5
418,2006,101125.0,Julius Hodge,SG-SF,78.0,202.2,84.5,107.5
419,2006,12112.0,Jared Homan,C-PF,79.75,248.2,85.25,104.5
420,2006,101141.0,Ersan Ilyasova,SF,79.75,208.8,85.25,109.5
421,2006,101127.0,Jarrett Jack,PG,74.5,197.6,79.5,100.0
422,2006,101204.0,Dwayne Jones,C-PF,80.5,242.2,86.75,108.5
423,2006,12113.0,Mindaugas Katelynas,SF-PF,79.5,217.0,83.0,105.5
424,2006,201318.0,Jason Klotz,C-PF,80.5,249.4,82.0,107.5
425,2006,-1.0,Carl Krauser,PG-SG,71.5,193.4,77.5,98.5
426,2006,101247.0,Keith Langford,SG-SF,74.25,203.2,81.0,101.0
427,2006,101135.0,David Lee,PF,79.75,229.5,84.0,106.5
428,2006,12114.0,David Lucas,PF,78.5,233.4,84.0,103.5
429,2006,101249.0,John Lucas III,PG,69.25,154.4,72.0,92.0
430,2006,101185.0,Rawle Marshall,SG-SF,76.5,186.6,85.0,104.0
431,2006,101131.0,Jason Maxiell,PF,77.0,257.6,87.25,107.0
432,2006,101118.0,Sean May,PF,79.0,258.8,85.25,105.0
433,2006,101119.0,Rashad McCants,SG,74.75,201.0,82.75,103.5
434,2006,200829.0,Ivan McFarlin,PF,77.5,228.6,81.0,105.5
435,2006,12115.0,Juan Mendez,PF-SF,77.25,231.4,84.0,106.5
436,2006,101223.0,Aaron Miles,PG,72.0,174.6,75.5,94.0
437,2006,12116.0,Ellis Myles,PF,78.0,255.2,81.75,105.5
438,2006,12117.0,Larry O'Bannon,SG,75.0,196.0,78.0,99.5
439,2006,12118.0,Drago Pasalic,SF-PF,81.5,238.8,83.75,108.5
440,2006,101108.0,Chris Paul,PG,71.75,178.0,76.25,93.0
441,2006,200819.0,Kevin Pittsnogle,PF,81.25,259.2,82.5,106.0
442,2006,101232.0,Roger Powell,SF,76.75,218.6,83.5,104.0
443,2006,201225.0,Carlos Powell,SF-PF,77.25,221.8,82.75,105.0
444,2006,101179.0,Ronnie Price,PG,72.75,184.8,77.5,96.5
445,2006,101194.0,Anthony Roberson,PG,72.75,178.8,74.75,95.0
446,2006,201575.0,Brandon Rush,SG-SF,77.0,211.4,83.25,104.5
447,2006,101195.0,Luke Schenscher,C,83.75,241.6,89.0,111.5
448,2006,101134.0,Wayne Simien,PF,79.25,255.8,84.0,107.0
449,2006,12120.0,Tre Simmons,SG-SF,76.0,194.2,79.5,102.5
450,2006,12121.0,David Simon,C-PF,80.0,258.8,87.5,108.0
451,2006,101147.0,Chris Taft,PF,80.5,261.0,85.75,109.0
452,2006,12122.0,Chris Thomas,PG,71.75,176.2,75.0,95.0
453,2006,12119.0,Omar Thomas,SF-SG,75.25,200.0,80.0,102.0
454,2006,101159.0,Dijon Thompson,SF-SG,78.25,195.8,81.75,105.5
455,2006,101142.0,Ronny Turiaf,PF,80.0,237.8,85.5,106.5
456,2006,101111.0,Charlie Villanueva,PF-SF,81.0,236.6,84.25,109.0
457,2006,101124.0,Hakim Warrick,PF-SF,79.25,215.0,86.0,108.0
458,2006,101110.0,Martell Webster,SF,78.0,229.6,83.0,106.0
459,2006,101156.0,Robert Whaley,PF-C,80.0,269.4,86.0,108.0
460,2006,101114.0,Deron Williams,PG,73.75,202.4,78.25,98.0
461,2006,101214.0,Jawad Williams,SF,79.0,218.0,85.25,106.5
462,2006,101107.0,Marvin Williams,PF-SF,79.0,228.2,87.5,108.0
463,2006,101152.0,Bracey Wright,SG-PG,73.25,186.8,82.0,100.5
464,2006,101120.0,Antoine Wright,SF-SG,77.25,202.6,80.75,104.5
465,2007,12123.0,Kenny Adeleke,PF-C,78.5,250.0,82.25,104.0
466,2007,200772.0,Maurice Ager,SG-PG,75.25,203.0,79.75,101.5
467,2007,200746.0,LaMarcus Aldridge,PF-C,82.0,234.0,88.75,110.0
468,2007,201165.0,Morris Almond,SG-SF,76.75,214.0,82.0,102.5
469,2007,200811.0,Lou Amundson,PF,79.2,221.0,83.5,103.5
470,2007,202151.0,Rashad Anderson,SG,75.25,224.0,79.0,100.0
471,2007,200756.0,Hilton Armstrong,C-PF,81.5,240.0,88.0,109.0
472,2007,200788.0,James Augustine,PF,80.25,227.0,84.25,104.0
473,2007,200764.0,Renaldo Balkman,SF-PF,77.25,206.0,85.0,104.5
474,2007,12124.0,J.P. Batista,PF,79.5,265.0,82.0,103.5
475,2007,200807.0,Will Blalock,PG,71.25,194.0,78.0,96.5
476,2007,200847.0,Brandon Bowman,SF,78.75,209.0,83.5,103.0
477,2007,200758.0,Ronnie Brewer,SG-PG,77.75,223.0,83.25,103.5
478,2007,200787.0,Denham Brown,SG-SF,76.0,218.0,81.5,102.5
479,2007,12125.0,Brad Buckman,PF,79.25,238.0,84.0,107.5
480,2007,12126.0,Nik Caner-Medley,SF,78.5,234.0,81.0,103.0
481,2007,200760.0,Rodney Carney,SG-SF,76.5,204.0,82.0,103.5
482,2007,12127.0,Keydren Clark,PG,69.0,184.0,74.5,92.5
483,2007,200776.0,Mardy Collins,PG-SG,76.25,224.0,82.0,103.0
484,2007,12128.0,Taquan Dean,SG-PG,74.0,183.0,78.75,98.0
485,2007,12129.0,Terence Dials,PF-C,79.75,253.0,84.0,106.0
486,2007,12130.0,Sean Dockery,PG-SG,72.75,182.0,76.5,95.5
487,2007,200770.0,Jordan Farmar,PG,72.75,171.0,75.0,94.5
488,2007,200751.0,Randy Foye,SG-PG,74.25,212.0,78.25,97.0
489,2007,12185.0,Torin Francis,PF-C,81.0,247.0,85.0,105.5
490,2007,200752.0,Rudy Gay,SF-PF,79.0,222.0,87.0,107.5
491,2007,12186.0,Nick George,SF-SG,76.0,201.0,82.0,103.0
492,2007,12187.0,Taj Gray,PF-SF,79.25,231.0,84.75,107.0
493,2007,12188.0,Dan Grunfeld,SF-SG,76.75,216.0,78.25,99.0
494,2007,12189.0,Matt Haryasz,PF-C,81.75,219.0,84.25,107.5
495,2007,12190.0,Eric Hicks,PF,76.75,238.0,85.5,105.5
496,2007,12191.0,Tedric Hill,SF-PF,79.75,236.0,85.0,107.0
497,2007,200812.0,Daniel Horton,PG-SG,72.5,198.0,79.0,96.5
498,2007,200780.0,Solomon Jones,PF-C,80.5,224.0,88.75,109.0
499,2007,200784.0,Bobby Jones,SF-SG,77.75,211.0,81.5,101.5
500,2007,12192.0,Viktor Keyru,SG-PG,77.25,202.0,81.25,104.0
501,2007,12193.0,Marco Killingsworth,PF,77.5,266.0,87.0,104.0
502,2007,200814.0,Tarence Kinsey,SF-SG,76.75,179.0,78.75,100.5
503,2007,12194.0,Carl Krauser,PG,71.75,190.0,78.25,97.0
504,2007,200840.0,Chris McCray,SG,75.0,187.0,77.75,96.5
505,2007,201019.0,Gerry McNamara,PG-SG,71.75,177.0,72.75,92.5
506,2007,200822.0,Pops Mensah-Bonsu,PF-C,79.5,232.0,84.0,105.5
507,2007,200859.0,Paul Miller,PF-C,80.5,251.0,84.0,101.5
508,2007,200794.0,Paul Millsap,PF,78.25,258.0,85.5,105.5
509,2007,201383.0,Dwayne Mitchell,SG-SF,74.0,208.0,78.5,98.5
510,2007,200747.0,Adam Morrison,SF,78.5,198.0,82.0,105.0
511,2007,12195.0,Yemi Nicholson,PF-C,79.75,258.0,88.25,107.0
512,2007,200786.0,David Noel,SF-SG,76.5,223.0,81.5,100.0
513,2007,200779.0,Steve Novak,SF,80.0,216.0,81.5,103.0
514,2007,200753.0,Patrick O'Bryant,C,83.0,249.0,89.75,113.0
515,2007,12196.0,Danilo Pinnock,PG-SG,74.75,204.0,79.5,100.5
516,2007,200809.0,Chris Quinn,PG-SG,72.5,175.0,77.0,94.0
517,2007,200810.0,Allan Ray,SG,73.0,204.0,80.5,99.5
518,2007,200755.0,JJ Redick,SG,76.0,190.0,75.25,97.5
519,2007,201015.0,Antywane Robinson,SF-PF,78.25,217.0,86.5,105.5
520,2007,200750.0,Brandon Roy,SG-SF,77.25,207.0,80.0,101.0
521,2007,-1.0,Blake Schilb,PG-SG,77.25,209.0,80.75,102.0
522,2007,200754.0,Mouhamed Sene,C,83.0,237.0,92.5,113.0
523,2007,200759.0,Cedric Simmons,PF-C,80.25,223.0,88.25,108.5
524,2007,201201.0,Marcus Slaughter,PF-SF,79.0,220.0,83.5,104.5
525,2007,200783.0,Craig Smith,PF,77.5,259.0,81.5,103.5
526,2007,200848.0,Steven Smith,SF-PF,79.5,238.0,84.5,104.0
527,2007,23033.0,Michael Southhall,C,81.5,241.0,88.25,107.5
528,2007,12199.0,Frans Steyn,C,85.25,280.0,86.25,109.0
529,2007,201028.0,Curtis Stinson,SG,73.75,208.0,77.0,97.5
530,2007,200748.0,Tyrus Thomas,PF-SF,79.25,217.0,87.0,108.0
531,2007,12200.0,Joah Tucker,SF-SG,75.75,224.0,78.5,99.5
532,2007,12201.0,Ian Vouyoukas,C-PF,80.5,267.0,84.75,108.5
533,2007,200827.0,Darius Washington,PG,71.5,195.0,76.0,96.0
534,2007,201228.0,CJ Watson,PG,72.5,171.0,78.0,96.0
535,2007,200818.0,Justin Williams,C-PF,79.25,211.0,85.5,109.0
536,2007,200749.0,Shelden Williams,PF-C,79.5,258.0,88.25,104.0
537,2007,200761.0,Shawne Williams,SF-PF,79.25,227.0,87.0,104.0
538,2007,12203.0,Eric Williams,C-PF,79.25,285.0,88.25,106.5
539,2007,200766.0,Marcus Williams,PG,74.0,215.0,79.0,97.5
540,2007,202124.0,Curtis Withers,PF-SF,78.0,227.0,82.0,101.0
541,2008,12204.0,Mohamed Abukar,SF,80.0,210.0,81.0,103.0
542,2008,12205.0,Mario Boggan,PF,77.0,240.0,86.0,107.0
543,2008,12206.0,Craig Bradshaw,PF,80.0,240.0,85.5,106.5
544,2008,201147.0,Corey Brewer,SF-SG,78.0,185.0,80.25,103.0
545,2008,201166.0,Aaron Brooks,PG,70.0,161.0,76.0,94.0
546,2008,201628.0,Bobby Brown,PG,71.0,170.0,76.0,95.5
547,2008,201469.0,Russell Carter,SG,75.0,221.0,80.5,97.5
548,2008,12207.0,Coleman Collins,PF,80.0,236.0,86.0,107.0
549,2008,201144.0,Mike Conley,PG,71.0,175.0,77.75,94.5
550,2008,201161.0,Daequan Cook,SG,75.0,203.0,80.25,101.5
551,2008,12208.0,Ryvon Covile,C-PF,79.0,250.0,85.25,107.5
552,2008,201159.0,Javaris Crittenton,PG,75.0,194.0,77.5,98.0
553,2008,201176.0,Jermareo Davidson,PF,81.0,230.0,88.0,109.5
554,2008,12209.0,Justin Doellman,PF,80.0,205.0,80.75,105.0
555,2008,12210.0,Zabian Dowdell,PG,73.0,191.0,82.0,100.0
556,2008,201162.0,Jared Dudley,SF,77.0,219.0,79.0,102.0
557,2008,201142.0,Kevin Durant,SF-PF,81.0,215.0,88.75,110.0
558,2008,12211.0,Rashaun Freeman,PF,78.0,244.0,83.5,104.0
559,2008,201189.0,Aaron Gray,C,84.0,271.0,87.25,108.5
560,2008,201145.0,Jeff Green,SF,79.0,228.0,85.25,103.0
561,2008,201192.0,Taurean Green,PG,71.0,173.0,74.25,96.0
562,2008,12212.0,Caleb Green,PF,78.0,238.0,83.75,103.0
563,2008,201150.0,Spencer Hawes,PF,82.0,244.0,84.5,110.0
564,2008,12214.0,Brandon Heath,PG,74.0,181.0,79.0,94.0
565,2008,201195.0,Herbert Hill,C,79.0,232.0,86.25,108.5
566,2008,201143.0,Al Horford,PF,80.0,246.0,84.75,107.0
567,2008,12215.0,Quinton Hosley,SF-SG,77.0,215.0,83.25,105.0
568,2008,12216.0,James Hughes,C,81.0,209.0,87.0,111.0
569,2008,12217.0,Jeremy Hunt,SG,74.0,198.0,80.25,101.5
570,2008,12218.0,Ekene Ibekwe,PF,80.0,208.0,90.0,104.0
571,2008,12219.0,Dominic James,PG,70.0,175.0,74.0,93.0
572,2008,201234.0,Trey Johnson,SG,75.0,216.0,77.0,98.0
573,2008,12220.0,Rashad Jones-Jennings,PF,78.0,235.0,84.0,105.5
574,2008,201185.0,Jared Jordan,PG,72.0,183.0,72.0,94.0
575,2008,201207.0,Coby Karl,SG-PG,75.0,204.0,83.0,99.5
576,2008,12221.0,Antanas Kavaliauskas,PF,81.0,237.0,82.5,106.5
577,2008,201171.0,Carl Landry,PF,79.0,248.0,83.0,102.5
578,2008,201186.0,Stephane Lasme,PF,77.0,213.0,86.0,107.0
579,2008,201151.0,Acie Law,PG,74.0,186.0,78.5,98.0
580,2008,12222.0,Marko Lekic,C,81.0,267.0,85.0,108.5
581,2008,12223.0,Ron Lewis,SG,74.0,194.0,78.5,99.0
582,2008,201858.0,Cartier Martin,SF,76.0,218.0,82.0,103.5
583,2008,201187.0,Dominic McGuire,SF,79.0,220.0,82.5,104.0
584,2008,201177.0,Josh McRoberts,PF,80.0,240.0,85.0,106.5
585,2008,201197.0,Sammy Mejia,SG,77.0,218.0,83.0,105.0
586,2008,12224.0,Brad Newley,SG,77.0,201.0,80.0,102.5
587,2008,201193.0,Demetris Nichols,SF,78.0,211.0,84.25,105.0
588,2008,201149.0,Joakim Noah,PF,82.0,223.0,85.25,106.5
589,2008,201141.0,Greg Oden,C,83.0,257.0,88.25,112.0
590,2008,12225.0,Ivan Radenovic,PF,81.0,226.0,83.75,106.0
591,2008,12226.0,JR Reynolds,PG,72.0,188.0,75.25,95.0
592,2008,201181.0,Chris Richard,PF,79.0,252.0,88.5,110.5
593,2008,12227.0,Dustin Salisbery,SG,75.0,208.0,80.0,100.5
594,2008,12228.0,Blake Schilb,SG,77.0,214.0,81.0,102.5
595,2008,12229.0,Renaldas Seibutis,SG,76.0,185.0,80.75,101.0
596,2008,201196.0,Ramon Sessions,PG,74.0,185.0,76.25,97.5
597,2008,201203.0,Mustafa Shakur,PG,75.0,185.0,77.5,99.0
598,2008,201160.0,Jason Smith,PF,82.75,233.0,82.75,106.0
599,2008,201199.0,DJ Strawberry,SG,75.75,199.0,78.5,101.0
600,2008,201155.0,Rodney Stuckey,SG-PG,75.75,207.0,79.25,100.5
601,2008,12230.0,Curtis Sumpter,SF,78.0,227.0,81.5,104.0
602,2008,201180.0,Yue Sun,SF,79.75,212.0,81.0,105.0
603,2008,201249.0,Jamaal Tatum,PG,71.5,168.0,74.5,93.5
604,2008,12232.0,Reyshawn Terry,SF,78.75,222.0,82.0,103.5
605,2008,201154.0,Al Thornton,SF,77.75,221.0,85.0,104.0
606,2008,201229.0,Anthony Tolliver,PF,79.0,242.0,86.5,107.5
607,2008,12233.0,Ali Traore,C-PF,80.75,249.0,88.0,108.5
608,2008,12234.0,Kyle Visser,C,82.0,242.0,83.0,108.0
609,2008,201208.0,Darryl Watkins,C,80.75,241.0,87.0,110.0
610,2008,12235.0,Major Wingate,C,80.5,242.0,88.0,109.0
611,2008,12236.0,DaShaun Wood,PG,70.75,167.0,72.75,92.0
612,2008,201153.0,Julian Wright,SF-PF,78.5,211.0,86.25,108.0
613,2008,201148.0,Brandan Wright,PF,80.75,200.0,87.75,108.5
614,2008,12237.0,Avis Wyatt,PF,80.75,212.0,85.0,107.0
615,2008,201146.0,Jianlian Yi,,,,,
616,2008,201152.0,Thaddeus Young,SF,77.75,210.0,83.5,106.0
617,2008,201156.0,Nick Young,SG-SF,77.0,206.0,84.0,100.5
618,2009,201570.0,Joe Alexander,SF-PF,79.25,220.0,83.5,106.0
619,2009,201589.0,Darrell Arthur,PF,79.5,216.0,82.75,107.0
620,2009,201571.0,D.J. Augustin,PG,70.0,171.5,75.5,94.5
621,2009,201573.0,Jerryd Bayless,PG-SG,73.75,204.0,75.5,97.0
622,2009,201563.0,Michael Beasley,PF-SF,79.0,239.0,84.25,107.0
623,2009,12239.0,Ramel Bradley,PG-SG,73.25,184.0,77.0,98.0
624,2009,12240.0,Tyrone Brazelton,PG,70.0,166.0,73.75,94.0
625,2009,12241.0,Takais Brown,PF,79.25,252.0,82.0,106.0
626,2009,201812.0,Keith Brumbaugh,SF-PF,79.5,190.0,79.25,104.5
627,2009,201868.0,Stanley Burrell,PG,73.5,201.0,78.25,97.5
628,2009,12242.0,Brian Butch,C-PF,81.5,229.6,83.25,108.0
629,2009,12243.0,Jamar Butler,PG,72.25,182.0,76.75,97.0
630,2009,12244.0,Pat Calathes,SF-PF,80.75,204.0,81.75,106.0
631,2009,12245.0,Joe Crawford,SG,75.0,213.0,77.75,99.5
632,2009,12246.0,Chris Daniels,C-PF,80.25,256.0,84.5,109.0
633,2009,201595.0,Joey Dorsey,PF-C,78.25,265.0,85.75,107.0
634,2009,12247.0,Marcus Dove,SF-PF,78.75,208.0,83.5,105.0
635,2009,12248.0,Josh Duncan,PF,80.0,230.0,83.5,104.5
636,2009,12249.0,Frank Elegar,PF,79.25,210.0,87.25,106.0
637,2009,201607.0,Patrick Ewing Jr.,SF-PF,78.0,224.0,84.25,97.5
638,2009,201814.0,Gary Forbes,SG,76.5,220.5,83.25,104.5
639,2009,12250.0,Shan Foster,SG,76.0,194.5,83.5,103.5
640,2009,201592.0,J.R. Giddens,SG,76.0,208.0,83.25,103.0
641,2009,12251.0,James Gist,PF,79.0,220.0,88.0,107.5
642,2009,12252.0,Vladimir Golubovic,C,83.25,258.0,86.5,111.5
643,2009,201569.0,Eric Gordon,SG,74.0,222.0,81.0,99.0
644,2009,201863.0,Kentrell Gransberry,C,78.75,290.0,82.25,106.0
645,2009,201590.0,Donte Greene,SF-PF,80.25,221.0,82.0,108.0
646,2009,201612.0,Malik Hairston,SG,76.25,204.0,81.0,103.5
647,2009,201614.0,DeVon Hardin,C-PF,81.5,235.0,87.0,109.5
648,2009,201613.0,Richard Hendrix,PF,78.75,250.0,87.0,108.0
649,2009,201588.0,George Hill,PG,73.25,181.0,81.0,97.5
650,2009,12254.0,Kyle Hines,SF-PF,75.75,234.0,85.25,104.5
651,2009,12255.0,Jiri Hubalek,C-PF,81.5,226.0,82.75,109.0
652,2009,201991.0,Lester Hudson,PG,71.75,196.0,80.75,98.5
653,2009,201629.0,Othello Hunter,PF-SF,78.5,220.0,87.0,109.5
654,2009,201616.0,Darnell Jackson,PF,79.0,240.5,83.25,106.5
655,2009,12256.0,Shawn James,PF,79.75,217.0,89.0,111.0
656,2009,12257.0,Davon Jefferson,SF,77.25,213.0,81.5,105.0
657,2009,12258.0,Joseph Jones,PF,79.0,240.0,84.25,107.0
658,2009,201599.0,DeAndre Jordan,C,81.75,250.0,90.0,113.5
659,2009,12253.0,Sasha Kaun,C-PF,81.0,247.0,88.0,110.0
660,2009,12260.0,Marcelus Kemp,SG,75.0,221.0,80.5,103.5
661,2009,12261.0,Maarty Leunen,SF,79.25,222.0,80.0,102.5
662,2009,201848.0,Longar Longar,C,81.0,212.5,85.25,109.5
663,2009,201572.0,Brook Lopez,C,83.25,258.0,89.5,113.0
664,2009,201567.0,Kevin Love,PF,79.75,255.0,83.25,106.0
665,2009,12262.0,Aleks Maric,C,81.75,273.0,85.0,109.5
666,2009,201564.0,O.J. Mayo,SG-PG,75.25,200.0,78.0,99.5
667,2009,201651.0,James Mays,PF,78.75,227.0,85.75,105.0
668,2009,201601.0,Luc Mbah a Moute,SF,77.75,221.0,86.5,103.5
669,2009,201580.0,JaVale McGee,C-PF,83.0,241.0,90.0,114.5
670,2009,12263.0,Drew Neitzel,PG,71.75,175.5,74.5,95.0
671,2009,201634.0,DeMarcus Nelson,PG-SG,73.0,198.0,82.0,98.5
672,2009,201624.0,David Padgett,C-PF,82.25,239.5,85.0,109.5
673,2009,12264.0,Jeremy Pargo,PG,72.5,208.0,77.0,96.0
674,2009,12265.0,Trent Plaisted,PF,81.25,240.0,82.5,105.5
675,2009,12266.0,Quan Prowell,SF-PF,78.75,225.5,82.5,103.5
676,2009,12267.0,Shaun Pruitt,C-PF,80.25,242.2,85.0,107.5
677,2009,201576.0,Anthony Randolph,PF-SF,81.0,197.0,87.0,109.0
678,2009,12268.0,Charles Rhodes,PF,79.25,244.0,83.25,107.5
679,2009,12259.0,John Riek,C,82.5,237.0,92.75,
680,2009,12269.0,Brian Roberts,PG,72.25,173.0,73.25,95.0
681,2009,201781.0,Russell Robinson,PG,72.5,196.0,80.0,100.5
682,2009,12270.0,Richard Roby,SG-SF,76.25,203.0,81.75,104.0
683,2009,201565.0,Derrick Rose,PG,73.5,196.0,80.0,98.5
684,2009,201606.0,Sean Singletary,PG,71.0,183.8,76.5,95.0
685,2009,12271.0,Ronald Steele,PG,72.25,183.5,76.25,97.5
686,2009,12272.0,Bryce Taylor,SG,74.75,210.0,81.0,99.5
687,2009,201446.0,Mike Taylor,SG-PG,72.75,166.2,79.25,98.0
688,2009,201872.0,Mark Tyndale,SG-SF,74.75,217.0,83.0,103.5
689,2009,12273.0,Robert Vaden,SG,75.5,199.0,80.0,101.0
690,2009,201622.0,Deron Washington,SF,77.25,198.5,81.0,102.5
691,2009,201603.0,Sonny Weems,SG-SF,76.0,193.0,82.0,104.0
692,2009,201566.0,Russell Westbrook,PG,74.25,192.0,79.75,100.0
693,2009,199.0,Reggie Williams,SG,75.25,199.0,81.25,103.0
694,2010,202399.0,Jeff Adrien,PF,77.25,236.2,86.0,107.5
695,2010,201965.0,Jeff Ayres,PF,80.75,239.6,85.0,107.0
696,2010,201958.0,Rodrigue Beaubois,PG,73.25,182.4,81.75,100.0
697,2010,201971.0,DeJuan Blair,PF,77.25,276.6,86.0,106.5
698,2010,201974.0,Derrick Brown,SF-PF,79.5,224.6,86.5,107.5
699,2010,201978.0,Chase Budinger,SF-SG,78.25,206.4,79.0,101.0
700,2010,201960.0,DeMarre Carroll,PF-SF,78.25,207.2,82.0,105.0
701,2010,201956.0,Omri Casspi,SF,79.75,211.2,81.25,106.5
702,2010,12275.0,Dionte Christmas,SG,76.25,210.8,81.0,102.5
703,2010,201947.0,Earl Clark,SF-PF,80.5,228.4,86.5,109.5
704,2010,201954.0,Darren Collison,PG,72.25,166.2,75.0,96.5
705,2010,201967.0,Dante Cunningham,PF,79.0,227.4,83.0,106.5
706,2010,201939.0,Stephen Curry,PG-SG,74.0,181.0,75.5,97.0
707,2010,201948.0,Austin Daye,SF-PF,81.75,191.8,86.75,110.0
708,2010,201942.0,DeMar DeRozan,SG-SF,77.5,211.2,81.0,102.5
709,2010,201962.0,Toney Douglas,PG,73.0,183.4,78.0,97.5
710,2010,201961.0,Wayne Ellington,SG,76.25,202.4,78.5,100.0
711,2010,201936.0,Tyreke Evans,PG-SG,76.0,220.6,83.25,104.0
712,2010,201938.0,Jonny Flynn,PG,71.25,195.6,76.0,95.5
713,2010,201959.0,Taj Gibson,PF,80.5,214.4,88.0,109.0
714,2010,201980.0,Danny Green,SG-SF,77.25,208.0,82.0,103.0
715,2010,201933.0,Blake Griffin,PF,80.5,248.4,83.25,105.0
716,2010,201946.0,Tyler Hansbrough,PF,80.25,234.2,83.5,106.0
717,2010,201935.0,James Harden,SG,76.0,222.0,82.75,103.5
718,2010,201945.0,Gerald Henderson,SG-SF,76.0,214.6,82.25,102.5
719,2010,12278.0,Josh Heytvelt,PF-C,82.0,246.2,85.25,108.0
720,2010,201941.0,Jordan Hill,PF-C,81.25,232.4,85.5,108.0
721,2010,201950.0,Jrue Holiday,PG-SG,75.25,199.0,79.0,100.5
722,2010,12279.0,Joe Ingles,SF,79.75,209.2,82.25,105.0
723,2010,201949.0,James Johnson,SF-PF,79.0,257.2,84.75,105.5
724,2010,201951.0,Ty Lawson,PG,71.25,196.6,72.75,94.5
725,2010,201953.0,Eric Maynor,PG,74.25,163.6,74.5,97.0
726,2010,12282.0,Jack McClinton,SG-PG,71.75,185.2,74.5,96.0
727,2010,12283.0,Jerel McNeal,SG,73.5,190.4,79.25,99.5
728,2010,201975.0,Jodie Meeks,SG,75.0,211.4,76.5,98.0
729,2010,201988.0,Patty Mills,PG,71.25,175.4,74.0,95.0
730,2010,201957.0,Byron Mullens,C,83.75,258.2,85.5,111.0
731,2010,201985.0,A.J. Price,PG,72.5,192.8,75.75,97.0
732,2010,12284.0,Tyler Smith,SF,77.25,212.0,81.75,104.5
733,2010,201969.0,DaJuan Summers,SF,79.25,243.0,84.75,106.5
734,2010,201966.0,Jermaine Taylor,SG,75.5,207.4,80.75,101.0
735,2010,201952.0,Jeff Teague,PG,72.25,175.2,79.5,98.5
736,2010,201934.0,Hasheem Thabeet,C,85.25,267.2,90.25,113.0
737,2010,201977.0,Marcus Thornton,SG,74.75,194.4,77.0,99.0
738,2010,201944.0,Terrence Williams,SG-SF,77.0,213.2,81.0,103.5
739,2010,201970.0,Sam Young,SF-SG,77.25,222.8,82.75,105.5
740,2011,202374.0,Solomon Alabi,C,83.5,237.4,89.0,113.0
741,2011,202332.0,Cole Aldrich,C,81.0,236.0,88.75,111.5
742,2011,202329.0,Al-Farouq Aminu,SF,79.25,216.0,87.25,108.5
743,2011,202341.0,James Anderson,SF,76.75,207.6,80.5,104.0
744,2011,202337.0,Luke Babbitt,SF-PF,79.5,217.8,83.25,104.5
745,2011,202339.0,Eric Bledsoe,PG,72.25,191.6,79.5,98.0
746,2011,202344.0,Trevor Booker,PF,78.25,235.8,81.75,106.0
747,2011,202342.0,Craig Brackins,PF-SF,80.5,229.0,84.0,109.0
748,2011,202340.0,Avery Bradley,SG-PG,74.0,180.4,79.25,98.5
749,2011,202382.0,Derrick Caracter,PF,80.25,280.0,84.25,107.5
750,2011,202395.0,Sherron Collins,PG,70.25,217.2,74.5,94.0
751,2011,202326.0,DeMarcus Cousins,C,81.5,291.8,89.75,113.0
752,2011,202348.0,Jordan Crawford,SG,75.0,198.4,79.0,101.0
753,2011,202334.0,Ed Davis,PF,81.0,226.6,84.0,108.0
754,2011,202365.0,Devin Ebanks,SF,79.0,207.8,84.25,107.5
755,2011,202324.0,Derrick Favors,PF,80.75,245.2,88.0,110.0
756,2011,12316.0,Keith Gallon,PF-C,80.5,301.8,88.5,109.5
757,2011,12317.0,Charles Garcia,SF,80.25,231.6,85.75,107.5
758,2011,202331.0,Paul George,SF,79.75,214.4,83.25,107.0
759,2011,202376.0,Luke Harangody,PF,78.0,240.2,81.5,106.0
760,2011,202412.0,Manny Harris,SG,76.0,185.1,79.25,102.0
761,2011,202330.0,Gordon Hayward,SF,78.75,211.0,79.75,103.0
762,2011,202351.0,Lazar Hayward,SG-SF,76.5,225.8,84.75,102.0
763,2011,202333.0,Xavier Henry,SG,77.25,210.2,83.25,105.0
764,2011,202359.0,Darington Hobson,SG-SF,77.25,203.6,81.25,104.5
765,2011,202345.0,Damion James,SF,78.25,226.6,84.75,107.0
766,2011,202356.0,Armon Johnson,PG-SG,74.0,195.2,80.0,99.5
767,2011,202325.0,Wesley Johnson,SF,78.25,206.4,85.0,106.0
768,2011,202346.0,Dominique Jones,SG,75.25,216.0,81.25,101.0
769,2011,12329.0,Jerome Jordan,C,83.5,244.2,89.25,113.0
770,2011,12330.0,Sylven Landesberg,SG,76.75,210.0,81.0,100.5
771,2011,202371.0,Gani Lawal,PF,79.5,233.4,84.0,107.5
772,2011,202328.0,Greg Monroe,PF-C,81.75,246.6,86.25,108.5
773,2011,202350.0,Daniel Orton,C,80.75,269.2,88.25,110.5
774,2011,12334.0,Artsiom Parakhouski,C,82.25,268.2,85.0,109.5
775,2011,202335.0,Patrick Patterson,PF,80.0,239.6,85.25,107.0
776,2011,202354.0,Dexter Pittman,PF-C,81.5,302.6,90.0,111.0
777,2011,202360.0,Andy Rautins,SG,76.25,191.6,79.0,100.0
778,2011,12338.0,Ryan Richards,PF,82.5,230.2,85.5,110.0
779,2011,202383.0,Stanley Robinson,SF,78.5,213.2,84.0,107.5
780,2011,202336.0,Larry Sanders,PF-C,81.25,222.4,89.75,112.0
781,2011,12341.0,Jon Scheyer,PG-SG,76.75,180.0,75.25,99.0
782,2011,202362.0,Lance Stephenson,SG,76.5,227.0,82.5,103.0
783,2011,12343.0,Mikhail Torrance,PG,76.0,208.8,79.5,103.0
784,2011,202323.0,Evan Turner,SG,77.75,213.8,80.0,103.5
785,2011,202327.0,Ekpe Udoh,PF,80.75,237.4,88.5,106.5
786,2011,12346.0,Jarvis Varnado,PF-C,80.25,210.2,87.5,109.5
787,2011,202349.0,Greivis Vasquez,PG-SG,77.0,210.8,79.0,101.0
788,2011,202322.0,John Wall,PG,74.75,195.6,81.25,101.5
789,2011,202378.0,Willie Warren,SG-PG,74.5,208.4,78.0,99.5
790,2011,202358.0,Terrico White,SG-PG,75.75,202.6,81.0,101.0
791,2011,202355.0,Hassan Whiteside,C-PF,82.5,226.6,91.0,113.0
792,2012,202728.0,Keith Benson,C-PF,82.0,217.0,87.75,109.5
793,2012,202705.0,Marshon Brooks,SG,76.25,194.6,85.0,101.0
794,2012,202692.0,Alec Burks,SG,77.0,192.6,82.0,103.5
795,2012,202710.0,Jimmy Butler,SF,78.0,222.2,79.5,101.5
796,2012,202708.0,Norris Cole,PG,72.25,174.4,74.25,95.5
797,2012,202739.0,Jon Diebler,SG,77.25,196.6,78.0,99.0
798,2012,12406.0,Michael Dunigan,PF-C,80.5,237.6,87.25,107.5
799,2012,12407.0,LaceDarius Dunn,SG,75.0,187.8,78.25,101.0
800,2012,202702.0,Kenneth Faried,PF,78.0,224.6,84.0,108.0
801,2012,12409.0,James Fredette,PG,72.75,196.0,76.5,96.5
802,2012,202726.0,Andrew Goudelock,PG,73.25,197.6,76.25,96.5
803,2012,202706.0,Jordan Hamilton,SF,78.75,228.4,81.5,104.0
804,2012,202712.0,Justin Harper,PF-SF,80.0,228.0,83.75,106.0
805,2012,202699.0,Tobias Harris,SF-PF,78.5,222.8,83.0,103.5
806,2012,202715.0,Tyler Honeycutt,SF,78.75,186.8,81.0,105.0
807,2012,12415.0,Scotty Hopson,SG,77.75,204.6,82.5,103.5
808,2012,202681.0,Kyrie Irving,PG,73.75,191.0,76.0,99.0
809,2012,12417.0,Rick Jackson,PF,80.25,241.8,86.0,106.5
810,2012,202724.0,Charles Jenkins,PG-SG,73.5,216.4,79.5,96.5
811,2012,202707.0,JaJuan Johnson,PF,81.0,219.8,86.0,107.5
812,2012,202709.0,Cory Joseph,PG,74.0,186.2,77.5,99.0
813,2012,202683.0,Enes Kanter,PF-C,81.75,259.2,85.5,109.5
814,2012,202688.0,Brandon Knight,PG,73.5,176.8,78.75,98.5
815,2012,202723.0,Malcolm Lee,SG,76.0,198.2,81.75,101.5
816,2012,202695.0,Kawhi Leonard,SF,78.0,227.4,87.0,106.0
817,2012,202727.0,Travis Leslie,SG,75.0,205.0,82.5,103.0
818,2012,202720.0,Jon Leuer,PF,82.0,223.2,84.0,105.5
819,2012,202732.0,DeAndre Liggins,SF-SG,77.0,202.2,83.0,103.5
820,2012,12428.0,David Lighty,SG,76.75,216.2,80.0,101.0
821,2012,202714.0,Shelvin Mack,PG,73.0,209.0,79.5,96.5
822,2012,12430.0,Demetri McCamey,PG,73.75,204.0,78.25,99.5
823,2012,202734.0,E'Twaun Moore,SG,74.5,191.4,81.5,99.5
824,2012,202693.0,Markieff Morris,PF,79.75,240.8,82.75,106.5
825,2012,202694.0,Marcus Morris,PF-SF,79.0,229.6,82.0,105.5
826,2012,202721.0,Darius Morris,PG-SG,75.25,190.0,79.5,102.0
827,2012,202718.0,Chandler Parsons,SF,80.75,221.2,81.5,104.5
828,2012,12436.0,Jereme Richmond,SF,78.0,207.2,82.25,106.5
829,2012,202729.0,Josh Selby,SG-PG,73.75,194.6,77.25,98.0
830,2012,202697.0,Iman Shumpert,PG-SG,76.25,221.8,81.5,99.5
831,2012,202713.0,Kyle Singler,SF,79.5,228.0,82.1,106.0
832,2012,202698.0,Chris Singleton,SF,79.75,230.2,85.0,103.5
833,2012,12441.0,Jamie Skeen,PF,78.5,241.6,85.25,106.5
834,2012,12442.0,Gregory Smith,PF-C,80.0,252.8,86.5,106.5
835,2012,202701.0,Nolan Smith,PG,73.5,187.6,77.5,99.0
836,2012,12445.0,Malcolm Thomas,PF,79.5,223.0,84.5,107.5
837,2012,202738.0,Isaiah Thomas,PG,68.75,186.0,73.75,91.5
838,2012,202717.0,Trey Thompkins,PF,80.5,239.0,85.0,107.5
839,2012,202691.0,Klay Thompson,SG,77.75,205.6,81.0,103.5
840,2012,202684.0,Tristan Thompson,PF,79.5,227.4,85.25,108.5
841,2012,202719.0,Jeremy Tyler,PF-C,81.0,262.4,89.0,110.5
842,2012,202696.0,Nikola Vucevic,PF-C,82.25,259.8,88.5,112.5
843,2012,202689.0,Kemba Walker,PG,71.5,184.0,75.5,91.5
844,2012,202682.0,Derrick Williams,PF-SF,79.25,248.4,85.5,108.0
845,2012,202716.0,Jordan Williams,PF,79.75,247.2,84.25,106.5
846,2013,203112.0,Quincy Acy,PF,78.5,223.8,86.75,106.5
847,2013,203084.0,Harrison Barnes,SF-SG,79.0,227.8,83.25,101.5
848,2013,203115.0,Will Barton,SG-SF,77.0,174.4,81.75,102.5
849,2013,203078.0,Bradley Beal,SG,75.25,201.8,80.0,100.0
850,2013,12458.0,J'Covan Brown,PG,73.0,202.4,77.25,96.0
851,2013,203733.0,William Buford,SG-SF,76.0,214.6,81.5,102.0
852,2013,203109.0,Jae Crowder,SF,76.75,241.2,81.25,99.5
853,2013,203099.0,Jared Cunningham,SG-PG,75.5,187.6,78.5,98.0
854,2013,203076.0,Anthony Davis,PF-C,81.25,221.8,89.5,108.0
855,2013,203134.0,Marcus Denmon,SG,74.25,188.2,77.0,94.5
856,2013,203083.0,Andre Drummond,C,81.75,278.6,90.25,109.5
857,2013,203119.0,Kim English,SG,76.5,192.0,78.5,98.0
858,2013,203105.0,Festus Ezeli,C-PF,81.75,264.2,89.75,108.0
859,2013,12467.0,Drew Gordon,PF,80.0,239.0,83.5,103.5
860,2013,203254.0,JaMychal Green,PF,80.0,217.4,86.25,106.5
861,2013,203110.0,Draymond Green,PF-SF,77.75,235.6,85.25,105.0
862,2013,203090.0,Maurice Harkless,SF,79.25,206.6,84.0,102.5
863,2013,203089.0,John Henson,PF,81.0,216.0,89.0,112.0
864,2013,203189.0,Tu Holloway,PG,70.5,186.8,77.5,94.5
865,2013,203133.0,Robbie Hummel,SF,79.25,218.0,80.5,102.0
866,2013,203108.0,Bernard James,PF,80.75,229.8,87.0,108.5
867,2013,203098.0,John Jenkins,SG,75.25,212.0,80.5,98.0
868,2013,203111.0,Orlando Johnson,SG,75.75,223.8,83.25,99.0
869,2013,203130.0,Darius Johnson-Odom,SG,73.5,212.0,79.0,96.0
870,2013,203093.0,Terrence Jones,PF-SF,80.25,252.0,86.25,107.0
871,2013,203103.0,Perry Jones,PF-SF,82.25,233.8,85.75,107.0
872,2013,203158.0,Kevin Jones,PF,78.25,251.2,85.5,105.0
873,2013,203126.0,Kris Joseph,SG,78.0,215.0,83.0,104.0
874,2013,203077.0,Michael Kidd-Gilchrist,SF,77.75,232.8,84.0,104.5
875,2013,203087.0,Jeremy Lamb,SG,76.0,179.2,83.0,102.0
876,2013,203117.0,Doron Lamb,SG-PG,75.25,199.4,78.75,98.5
877,2013,203086.0,Meyers Leonard,C,83.75,249.8,87.0,108.0
878,2013,203081.0,Damian Lillard,PG,73.75,188.8,79.75,95.5
879,2013,203159.0,Scott Machado,PG,73.0,205.8,76.0,94.5
880,2013,203088.0,Kendall Marshall,PG,75.25,198.4,77.5,96.0
881,2013,203097.0,Fab Melo,C,82.75,255.0,86.5,110.0
882,2013,203114.0,Khris Middleton,SF,78.75,216.2,82.75,103.0
883,2013,203121.0,Darius Miller,SF-SG,78.0,233.4,81.0,101.0
884,2013,203113.0,Quincy Miller,SF,80.75,218.7,85.25,105.0
885,2013,203183.0,Tony Mitchell,SG,77.25,216.4,82.0,100.0
886,2013,203102.0,Arnett Moultrie,PF,81.5,232.8,86.25,106.5
887,2013,203122.0,Kevin Murphy,SG,77.0,194.0,78.75,99.0
888,2013,203094.0,Andrew Nicholson,PF,80.5,234.0,88.0,107.0
889,2013,203124.0,Kyle O'Quinn,PF,80.5,240.8,88.75,106.5
890,2013,203101.0,Miles Plumlee,PF-C,82.5,252.4,84.75,105.5
891,2013,203085.0,Austin Rivers,SG-PG,75.5,202.8,79.25,96.5
892,2013,203080.0,Thomas Robinson,PF,79.75,244.2,87.25,106.0
893,2013,203082.0,Terrence Ross,SG-SF,78.0,196.6,79.25,100.5
894,2013,203107.0,Tomas Satoransky,PG-SG,78.5,200.6,79.25,100.0
895,2013,203118.0,Mike Scott,PF,79.25,240.8,82.75,104.0
896,2013,203156.0,Henry Sims,C-PF,82.0,241.2,88.0,108.0
897,2013,203096.0,Jared Sullinger,PF,79.75,268.2,85.25,105.5
898,2013,203106.0,Jeff Taylor,SF-SG,78.0,212.8,78.25,101.5
899,2013,203116.0,Tyshawn Taylor,PG,74.75,177.0,78.25,97.5
900,2013,12507.0,Jordan Taylor,PG,73.0,192.8,75.0,92.5
901,2013,203104.0,Marquis Teague,PG,73.0,179.8,79.25,96.5
902,2013,203138.0,Hollis Thompson,SF,78.75,206.0,81.5,102.5
903,2013,203079.0,Dion Waiters,SG,74.5,221.0,79.25,98.0
904,2013,203091.0,Royce White,PF,79.0,260.6,84.0,104.5
905,2013,203100.0,Tony Wroten,PG,76.75,203.2,81.0,101.0
906,2013,203092.0,Tyler Zeller,PF-C,83.25,247.4,84.0,104.5
907,2014,203500.0,Steven Adams,C,82.75,254.5,88.5,109.5
908,2014,203505.0,Vander Blue,SG,75.5,197.4,78.0,100.5
909,2014,203485.0,Lorenzo Brown,PG,76.0,189.2,79.0,100.0
910,2014,203493.0,Reggie Bullock,SG-SF,77.75,199.8,80.75,102.0
911,2014,203504.0,Trey Burke,PG,71.75,187.0,77.5,97.5
912,2014,203484.0,Kentavious Caldwell-Pope,SG,76.5,203.6,80.0,100.5
913,2014,203477.0,Isaiah Canaan,PG,71.0,188.4,76.5,94.5
914,2014,203478.0,Jackie Carmichael,PF,79.5,241.2,85.5,107.0
915,2014,203487.0,Michael Carter-Williams,PG,76.75,184.4,79.25,101.0
916,2014,12524.0,Will Clyburn,SF-SG,77.75,210.4,84.25,105.0
917,2014,203496.0,Robert Covington,SF-PF,78.25,208.6,85.75,106.0
918,2014,203459.0,Allen Crabbe,SG,77.25,197.4,83.25,103.5
919,2014,203552.0,Seth Curry,SG,73.0,179.2,76.0,97.5
920,2014,203561.0,Brandon Davies,PF,80.5,241.8,85.5,108.5
921,2014,203473.0,Dewayne Dedmon,C,82.0,238.8,88.0,109.0
922,2014,203476.0,Gorgui Dieng,C,81.75,229.6,87.5,111.5
923,2014,203516.0,James Ennis,SF,77.75,200.8,83.5,104.5
924,2014,203467.0,Carrick Felix,SF-SG,76.75,202.6,81.25,103.5
925,2014,203479.0,Jamaal Franklin,SG-SF,76.0,190.8,83.25,103.5
926,2014,203497.0,Rudy Gobert,C,84.5,237.6,92.5,115.0
927,2014,203462.0,Archie Goodwin,SG,75.75,189.0,81.5,102.0
928,2014,203475.0,Erick Green,PG,73.5,178.2,77.75,98.0
929,2014,203501.0,Tim Hardaway Jr.,SG,76.5,199.4,79.0,101.0
930,2014,203524.0,Solomon Hill,SF,77.5,226.0,81.0,103.0
931,2014,203494.0,Richard Howell,PF,78.25,249.6,82.25,105.5
932,2014,203470.0,Colton Iverson,C,82.5,262.8,86.0,110.0
933,2014,203510.0,Pierre Jackson,PG,69.5,176.0,70.0,90.0
934,2014,203511.0,Grant Jerrett,PF,80.75,232.0,86.0,109.0
935,2014,203509.0,Myck Kabongo,PG,73.25,180.4,78.25,98.0
936,2014,203483.0,Kenny Kadji,PF-C,80.75,241.6,87.0,106.5
937,2014,203527.0,Ryan Kelly,PF,81.75,228.0,83.5,110.0
938,2014,203499.0,Shane Larkin,PG,70.25,170.8,70.75,89.5
939,2014,203495.0,Ricky Ledo,SG,76.75,197.2,79.25,102.5
940,2014,203458.0,Alex Len,C,,,87.5,
941,2014,203466.0,CJ Leslie,PF-SF,79.5,209.2,86.25,104.5
942,2014,203522.0,Trevor Mbakwe,PF,78.75,235.8,88.0,106.5
943,2014,203492.0,Ray McCallum,PG,72.25,191.4,75.25,96.5
944,2014,203468.0,CJ McCollum,PG-SG,74.25,197.0,78.25,96.5
945,2014,203463.0,Ben McLemore,SG,75.5,189.2,79.75,100.5
946,2014,203502.0,Tony Mitchell,PF-SF,79.5,236.4,86.5,106.5
947,2014,203498.0,Shabazz Muhammad,SF-SG,76.75,221.8,83.0,104.5
948,2014,203513.0,Erik Murphy,PF,80.75,239.8,82.5,108.0
949,2014,203488.0,Mike Muscala,C-PF,82.25,230.2,85.0,108.0
950,2014,203457.0,Nerlens Noel,C,82.0,206.4,87.75,110.0
951,2014,203506.0,Victor Oladipo,SG,75.25,213.2,81.25,100.5
952,2014,203482.0,Kelly Olynyk,PF-C,82.75,234.0,81.75,108.0
953,2014,203464.0,Brandon Paul,SG,74.75,201.0,82.25,98.0
954,2014,203658.0,Norvel Pelle,PF-C,81.5,207.2,86.5,109.0
955,2014,203486.0,Mason Plumlee,C-PF,83.25,238.2,83.0,108.0
956,2014,203490.0,Otto Porter,SF,79.5,197.6,85.5,105.5
957,2014,203515.0,Phil Pressey,PG,69.5,177.0,74.25,92.0
958,2014,203318.0,Glen Rice,SF-SG,76.5,210.8,81.25,101.5
959,2014,203460.0,Andre Roberson,PF-SF,78.25,205.8,83.0,104.5
960,2014,203471.0,Dennis Schroder,PG,73.0,164.8,79.75,98.0
961,2014,203491.0,Peyton Siva,PG,71.5,180.6,75.0,93.0
962,2014,203503.0,Tony Snell,SF-SG,78.0,198.2,83.5,105.5
963,2014,203480.0,James Southerland,SF-PF,79.0,220.6,85.0,106.0
964,2014,203472.0,Deshaun Thomas,SF,77.0,219.8,82.0,104.0
965,2014,203519.0,Adonis Thomas,SF,76.75,231.8,85.0,99.0
966,2014,203481.0,Jeff Withey,C,82.75,221.8,86.0,110.5
967,2014,203489.0,Nate Wolters,PG,75.5,196.4,75.75,98.0
968,2014,203523.0,BJ Young,SG-PG,74.25,178.8,80.25,99.0
969,2014,203469.0,Cody Zeller,C-PF,82.75,230.0,82.75,106.0
970,2015,203919.0,Jordan Adams,SG,75.5,208.8,82.0,102.0
971,2015,203937.0,Kyle Anderson,SF,79.5,230.1,86.75,107.5
972,2015,203648.0,Thanasis Antetokounmpo,SF,77.25,205.2,84.0,104.5
973,2015,203947.0,Jordan Bachynski,PF,85.25,254.1,88.0,108.5
974,2015,203946.0,Cameron Bairstow,PF,80.75,252.4,84.75,107.0
975,2015,203920.0,Khem Birch,PF,79.5,208.8,85.0,107.0
976,2015,203938.0,Alec Brown,PF,84.25,231.2,85.5,109.0
977,2015,203913.0,Jabari Brown,SG,75.0,201.9,80.25,100.0
978,2015,203900.0,Markel Brown,SG,74.5,184.4,80.75,100.0
979,2015,203907.0,Deonte Burton,PG,72.0,192.8,79.0,97.5
980,2015,203902.0,Semaj Christon,PG,73.5,186.0,78.5,99.0
981,2015,203903.0,Jordan Clarkson,PG,75.25,186.3,80.0,98.0
982,2015,203905.0,Aaron Craft,PG,72.75,191.6,74.0,94.5
983,2015,203908.0,DeAndre Daniels,SF,79.25,196.0,86.0,106.5
984,2015,203915.0,Spencer Dinwiddie,PG,76.5,204.9,80.25,103.0
985,2015,203921.0,Cleanthony Early,SF,78.0,209.4,82.75,101.5
986,2015,203929.0,Melvin Ejim,SF,77.25,218.5,83.25,103.5
987,2015,203898.0,Tyler Ennis,PG,73.0,181.5,79.25,98.0
988,2015,203957.0,Dante Exum,SG,76.5,196.3,81.5,103.0
989,2015,203927.0,C.J. Fair,SF,78.5,218.1,81.5,104.0
990,2015,203932.0,Aaron Gordon,PF,79.5,220.1,83.75,105.0
991,2015,203924.0,Jerami Grant,SF,78.5,214.0,86.75,107.0
992,2015,203798.0,P.J. Hairston,SG,76.25,228.8,81.0,101.0
993,2015,203914.0,Gary Harris,SG,74.5,204.8,78.75,96.0
994,2015,203925.0,Joe Harris,SG,76.75,215.0,78.0,100.0
995,2015,203918.0,Rodney Hood,SF,79.25,208.2,80.5,103.0
996,2015,203928.0,Cory Jefferson,PF,79.75,218.4,84.5,105.0
997,2015,203910.0,Nick Johnson,SG,73.5,198.0,79.25,96.5
998,2015,203930.0,Sean Kilpatrick,SG,74.5,218.7,79.0,99.0
999,2015,203945.0,Alex Kirk,PF,81.25,252.0,87.5,109.5
1000,2015,203897.0,Zach LaVine,PG,76.5,180.9,80.25,100.0
1001,2015,203906.0,Devyn Marble,SG,77.0,192.4,81.0,102.0
1002,2015,203949.0,James McAdoo,PF,79.5,227.6,86.25,106.5
1003,2015,203909.0,K.J. McDaniels,SF,76.5,195.6,83.25,102.0
1004,2015,203926.0,Doug McDermott,SF,78.25,218.0,81.25,103.0
1005,2015,203895.0,Jordan McRae,SG,75.75,179.4,84.5,104.0
1006,2015,203894.0,Shabazz Napier,PG,71.0,175.2,75.25,93.0
1007,2015,203948.0,Johnny O?Bryant III,PF,79.25,256.8,86.25,105.0
1008,2015,203934.0,Lamar Patterson,SG,76.0,226.0,83.0,101.0
1009,2015,203940.0,Adreian Payne,PF,81.0,238.5,88.0,109.0
1010,2015,203901.0,Elfrid Payton,PG,74.5,185.4,80.0,98.5
1011,2015,203939.0,Dwight Powell,PF,81.5,234.4,84.5,105.0
1012,2015,203944.0,Julius Randle,PF,79.75,249.7,84.0,105.5
1013,2015,203922.0,Glenn Robinson III,SF,77.5,211.4,82.0,100.5
1014,2015,203941.0,LaQuinton Ross,SF,78.5,238.7,85.75,106.0
1015,2015,203935.0,Marcus Smart,PG,74.0,227.2,81.25,99.0
1016,2015,203893.0,Russ Smith,PG,71.5,160.0,75.5,95.0
1017,2015,203917.0,Nik Stauskas,SG,77.25,206.9,79.75,102.0
1018,2015,203950.0,Jarnell Stokes,PF,79.0,262.8,85.25,103.5
1019,2015,203904.0,Xavier Thames,PG,74.25,187.0,76.0,96.0
1020,2015,203943.0,Noah Vonleh,PF,80.0,247.1,88.25,108.0
1021,2015,203933.0,T.J. Warren,SF,79.0,220.2,82.25,104.0
1022,2015,203912.0,C.J. Wilcox,SG,75.5,201.0,81.75,100.5
1023,2015,203899.0,Kendall Williams,PG,74.25,183.0,77.5,99.0
1024,2015,203923.0,James Young,SG,77.25,213.3,84.0,104.0
1025,2015,203942.0,Patric Young,PF,80.5,246.8,85.75,103.5
1026,2016,1626146.0,Cliff Alexander,PF-C,79.25,239.2,87.5,109.5
1027,2016,1626147.0,Justin Anderson,SF-SG,77.25,230.6,83.75,101.0
1028,2016,1626165.0,Brandon Ashley,PF,79.25,228.0,87.75,105.0
1029,2016,1626207.0,Ryan Boatright,PG,70.0,169.6,72.5,92.5
1030,2016,1626164.0,Devin Booker,SG,76.5,205.8,80.25,102.5
1031,2016,1626148.0,Anthony Brown,SF-SG,77.75,211.0,83.0,104.5
1032,2016,1626161.0,Willie Cauley-Stein,C,83.25,242.4,87.0,111.0
1033,2016,1626176.0,Rakeem Christmas,PF-C,80.25,242.6,89.25,110.5
1034,2016,1626192.0,Pat Connaughton,SG,76.0,215.0,80.0,96.0
1035,2016,1626188.0,Quinn Cook,PG,72.25,179.0,76.0,96.5
1036,2016,1626183.0,Branden Dawson,PF,77.5,230.2,83.0,105.0
1037,2016,1626155.0,Sam Dekker,SF,79.75,218.6,83.5,106.0
1038,2016,1626187.0,Michael Frazier II,SG,75.75,199.4,80.0,101.5
1039,2016,1626203.0,Treveon Graham,SF,76.0,219.4,82.5,103.0
1040,2016,1626170.0,Jerian Grant,PG,75.25,198.0,79.5,100.0
1041,2016,1626152.0,Olivier Hanlan,PG-SG,75.25,185.8,78.0,100.0
1042,2016,1626149.0,Montrezl Harrell,PF,79.0,253.4,88.25,109.0
1043,2016,1626150.0,Andrew Harrison,PG,76.5,213.2,81.0,100.0
1044,2016,1626151.0,Aaron Harrison,SG,76.5,209.2,80.25,100.5
1045,2016,1626227.0,Tyler Harvey,SG,74.75,181.4,77.5,98.5
1046,2016,1626186.0,Corey Hawkins,SG-PG,72.75,191.8,80.0,99.5
1047,2016,1626178.0,Rondae Hollis-Jefferson,SF,77.5,210.8,86.0,104.0
1048,2016,1626182.0,Jonathan Holmes,PF-SF,80.25,242.2,83.5,107.5
1049,2016,1626158.0,Richaun Holmes,PF,80.25,242.8,85.5,108.0
1050,2016,1626154.0,R.J. Hunter,SG,76.5,185.0,82.5,104.0
1051,2016,1626205.0,Vince Hunter,PF,78.75,208.4,83.0,104.5
1052,2016,1626177.0,Dakari Johnson,C,83.0,264.6,86.0,112.0
1053,2016,1626169.0,Stanley Johnson,SF,77.0,241.8,83.5,102.0
1054,2016,1626145.0,Tyus Jones,PG,72.5,184.6,77.0,97.0
1055,2016,1626163.0,Frank Kaminsky,C-PF,83.75,231.2,83.0,109.5
1056,2016,1626172.0,Kevon Looney,PF,80.0,222.4,87.5,110.0
1057,2016,1626168.0,Trey Lyles,PF,81.0,241.2,85.5,108.0
1058,2016,1626185.0,Jarell Martin,PF,80.0,238.6,81.0,106.5
1059,2016,204456.0,TJ McConnell,PG,72.5,187.8,74.0,96.5
1060,2016,1626191.0,Chris McCullough,PF,80.25,199.0,87.25,109.0
1061,2016,1626175.0,Jordan Mickey,PF,79.0,238.0,87.25,106.0
1062,2016,2006.0,Larry Nance,PF,79.5,226.6,85.5,108.0
1063,2016,1626162.0,Kelly Oubre,SF-SG,77.75,202.8,86.25,102.5
1064,2016,1626166.0,Cameron Payne,PG,72.75,182.8,79.25,97.5
1065,2016,1626189.0,Terran Petteway,SG,76.75,209.2,83.25,104.5
1066,2016,1626171.0,Bobby Portis,PF,81.5,246.2,86.0,108.5
1067,2016,1626181.0,Norman Powell,SG,75.0,215.4,82.75,102.5
1068,2016,1626180.0,Michael Qualls,SG-SF,76.0,201.4,84.25,104.5
1069,2016,1626184.0,Chasson Randle,PG,72.25,178.8,79.0,96.5
1070,2016,1626179.0,Terry Rozier,PG-SG,72.5,190.2,80.25,98.5
1071,2016,1626156.0,D?Angelo Russell,PG-SG,75.25,193.4,81.75,102.0
1072,2016,1626208.0,Keifer Sykes,PG,70.5,167.2,74.0,93.0
1073,2016,1626194.0,Marcus Thornton,PG-SG,73.75,177.4,79.75,97.5
1074,2016,1626160.0,J.P. Tokoto,SF-SG,77.25,195.8,82.0,100.5
1075,2016,1626167.0,Myles Turner,C-PF,81.75,238.6,88.0,112.0
1076,2016,1626193.0,Robert Upshaw,C,82.75,258.2,89.5,113.0
1077,2016,1626173.0,Rashad Vaughn,SG,75.75,198.6,79.0,101.0
1078,2016,1626217.0,Chris Walker,PF,80.75,208.0,86.75,108.0
1079,2016,1627361.0,Dez Wells,SG,75.0,208.8,81.5,100.5
1080,2016,1626210.0,Alan Williams,PF,79.25,261.4,85.75,106.5
1081,2016,1626159.0,Justise Winslow,SF,76.5,221.8,82.25,104.5
1082,2016,1626174.0,Christian Wood,PF,81.25,216.0,87.25,111.5
1083,2016,1626153.0,Delon Wright,PG,76.25,181.4,79.5,101.5
1084,2017,1627758.0,Ron Baker,SG,75.25,212.4,81.75,97.5
1085,2017,1627735.0,Wade Baldwin IV,PG,74.5,201.8,83.25,100.0
1086,2017,1627760.0,Cat Barber,PG,73.5,173.0,77.5,95.5
1087,2017,1627736.0,Malik Beasley,SG,75.5,189.8,79.0,100.5
1088,2017,1627761.0,DeAndre Bembry,SG-SF,76.25,206.6,81.25,101.0
1089,2017,1627791.0,Ben Bentil,PF,79.25,229.2,85.5,105.0
1090,2017,1628417.0,Jaron Blossomgame,SF,78.25,213.6,82.0,102.0
1091,2017,1627762.0,Joel Bolomboy,PF,79.5,224.4,85.75,103.5
1092,2017,1627763.0,Malcolm Brogdon,SG,75.75,223.0,82.5,98.0
1093,2017,1627759.0,Jaylen Brown,SG-SF,77.25,222.8,83.75,102.5
1094,2017,1627737.0,Marquese Chriss,PF,80.75,233.0,84.25,105.0
1095,2017,1627765.0,Elgin Cook,SF,77.0,209.8,82.0,100.5
1096,2017,1627766.0,Isaiah Cousins,PG,75.25,194.0,78.25,98.5
1097,2017,1627738.0,Deyonta Davis,PF,81.25,237.2,86.5,108.5
1098,2017,1627767.0,Cheick Diallo,PF,79.5,218.6,88.5,107.5
1099,2017,1627739.0,Kris Dunn,PG,75.0,,81.5,100.0
1100,2017,1627740.0,Henry Ellenson,PF,82.0,242.0,86.25,108.0
1101,2017,1627768.0,Perry Ellis,PF,79.0,217.8,82.25,102.0
1102,2017,1627770.0,Kay Felder,PG,68.25,177.2,74.5,88.5
1103,2017,1627827.0,Dorian Finney-Smith,SF,78.5,212.6,83.75,105.5
1104,2017,1627771.0,Michael Gbinije,SG,77.5,204.6,79.5,101.0
1105,2017,1627772.0,Daniel Hamilton,SG-SF,78.25,197.0,81.0,103.5
1106,2017,1628404.0,Josh Hart,SG,76.0,203.6,80.5,99.5
1107,2017,1628502.0,Nigel Hayes,SF-PF,78.25,245.0,87.0,107.5
1108,2017,1627741.0,Buddy Hield,SG,75.75,212.4,81.25,101.0
1109,2017,204211.0,Justin Jackson,SF,79.0,193.4,82.75,103.5
1110,2017,1627743.0,Demetrius Jackson,PG,72.0,193.8,77.5,93.0
1111,2017,1627744.0,Brice Johnson,PF,81.0,208.6,84.5,106.5
1112,2017,1627745.0,Damian Jones,C,82.25,243.6,87.75,107.0
1113,2017,1627746.0,Skal Labissiere,PF-C,82.5,215.8,86.5,105.5
1114,2017,1627774.0,Jake Layman,SF,80.0,208.6,81.25,102.0
1115,2017,1627747.0,Caris LeVert,SG,77.75,191.0,82.0,101.0
1116,2017,1629159.0,Marcus Lee,PF-C,81.0,211.0,87.0,107.5
1117,2017,1627748.0,Thon Maker,PF,83.75,216.0,87.0,110.5
1118,2017,1627775.0,Patrick McCaw,PG-SG,77.25,180.8,82.0,100.5
1119,2017,1629005.0,Malik Newman,SG,74.25,182.2,77.75,97.5
1120,2017,1627777.0,Georges Niang,PF,78.75,230.8,82.0,103.0
1121,2017,1627778.0,Chinanu Onuaku,C,81.0,245.2,86.75,108.5
1122,2017,1627779.0,Marcus Paige,PG,72.5,163.8,78.25,97.0
1123,2017,1627780.0,Gary Payton II,PG,74.0,183.8,80.0,99.5
1124,2017,1627751.0,Jakob Poeltl,C,84.25,239.0,86.75,111.5
1125,2017,1627752.0,Taurean Prince,SF,78.5,220.2,83.5,102.0
1126,2017,1627753.0,Zhou Qi,PF-C,85.25,218.2,91.75,112.5
1127,2017,1627781.0,Malachi Richardson,SG-SF,76.75,199.6,84.0,101.5
1128,2017,1627782.0,Wayne Selden,SG,76.25,232.4,82.5,101.0
1129,2017,1627783.0,Pascal Siakam,PF,80.25,226.6,87.25,107.5
1130,2017,1627754.0,Diamond Stone,C,81.0,254.4,86.75,108.5
1131,2017,1628403.0,Caleb Swanigan,PF,79.5,246.6,87.5,107.0
1132,2017,1628453.0,Melo Trimble,PG,73.25,191.8,74.0,92.5
1133,2017,1627755.0,Tyler Ulis,PG,68.75,149.2,74.0,88.5
1134,2017,1627784.0,Jarrod Uthoff,PF,80.5,214.4,83.5,104.0
1135,2017,1627756.0,Denzel Valentine,SG-SF,76.0,210.4,82.75,102.0
1136,2017,1627785.0,Isaiah Whitehead,PG-SG,75.25,210.0,80.75,100.0
1137,2017,1627786.0,Troy Williams,SF,77.75,217.8,80.25,102.0
1138,2017,1627787.0,Kyle Wiltjer,PF,80.75,242.8,84.25,102.5
1139,2017,1627757.0,Stephen Zimmerman,C,82.25,234.0,87.25,108.5
1140,2018,1628389.0,Edrice Adebayo,PF-C,80.75,242.6,86.75,108.0
1141,2018,1628959.0,Rawle Alkins,SG-SF,74.5,222.6,80.75,99.0
1142,2018,1628386.0,Jarrett Allen,C,81.0,233.6,89.25,109.5
1143,2018,1628443.0,Kadeem Allen,PG,73.0,192.4,81.25,99.5
1144,2018,1628387.0,Ike Anigbogu,C,80.5,252.2,90.25,110.5
1145,2018,1628384.0,OG Anunoby,SF,78.25,232.4,86.25,107.5
1146,2018,1628503.0,Jamel Artis,SG-SF,77.5,213.2,82.0,105.0
1147,2018,1628407.0,Dwayne Bacon,SG-SF,76.75,221.6,82.0,103.5
1148,2018,1628431.0,V.J. Beachem,SG-SF,78.25,193.4,82.25,104.5
1149,2018,1628395.0,Jordan Bell,PF,79.0,223.6,83.75,104.5
1150,2018,1628417.0,Jaron Blossomgame,SF,77.75,218.6,82.0,104.5
1151,2018,1628449.0,Chris Boucher,PF,80.0,182.2,88.0,110.5
1152,2018,1628396.0,Tony Bradley,C,81.25,248.8,89.0,112.5
1153,2018,1628515.0,Isaiah Briscoe,PG,73.25,222.4,81.0,99.5
1154,2018,1628415.0,Dillon Brooks,SG-SF,77.0,220.2,78.0,100.5
1155,2018,1628418.0,Thomas Bryant,PF-C,81.5,247.8,90.0,112.5
1156,2018,1628381.0,John Collins,PF,80.25,225.2,83.25,106.5
1157,2018,1628380.0,Zach Collins,PF-C,82.25,232.2,85.0,111.0
1158,2018,1628977.0,Hamidou Diallo,SG-SF,75.75,197.4,83.25,101.5
1159,2018,1628416.0,Tyler Dorsey,SG,75.0,182.6,77.25,99.5
1160,2018,1628422.0,Damyean Dotson,SG-SF,76.5,205.2,81.0,100.0
1161,2018,1628408.0,PJ Dozier,SG,77.25,200.6,83.0,101.0
1162,2018,1628393.0,Jawun Evans,PG,70.75,185.2,77.5,95.0
1163,2018,1628390.0,Terrance Ferguson,SG-SF,77.5,184.4,80.75,103.0
1164,2018,1628368.0,De?Aaron Fox,PG,74.0,169.6,78.5,100.0
1165,2018,1628365.0,Markelle Fultz,PG,,,,
1166,2018,1628385.0,Harry Giles,PF,81.25,232.0,87.25,109.5
1167,2018,1628404.0,Josh Hart,SG-SF,75.75,209.2,80.25,101.0
1168,2018,1628502.0,Nigel Hayes,PF,78.25,254.2,87.25,104.5
1169,2018,1628439.0,Isaiah Hicks,PF,79.25,233.4,84.5,105.0
1170,2018,1628411.0,Wesley Iwundu,SG-SF,77.5,193.4,85.0,105.5
1171,2018,1628402.0,Frank Jackson,PG,74.0,201.6,79.5,98.0
1172,2018,1628992.0,Justin Jackson (UMD),SF,77.75,219.4,87.25,107.0
1173,2018,1628382.0,Justin Jackson (UNC),SF,79.0,200.8,83.0,104.5
1174,2018,1628514.0,Peter Jok,SG-SF,76.25,202.4,80.0,102.0
1175,2018,1628379.0,Luke Kennard,SG-SF,76.5,196.2,77.25,98.5
1176,2018,1628398.0,Kyle Kuzma,SF-SG,80.0,222.6,84.25,107.5
1177,2018,1628388.0,TJ Leaf,PF,80.75,222.2,83.0,107.0
1178,2018,1628399.0,Tyler Lydon,PF,80.25,215.0,84.0,107.5
1179,2018,1628412.0,Frank Mason III,PG,71.0,188.8,75.25,94.0
1180,2018,1628452.0,Kennedy Meeks,C,80.75,276.6,85.0,106.0
1181,2018,1628378.0,Donovan Mitchell,SG,73.25,211.4,82.0,97.0
1182,2018,1628420.0,Monte Morris,PG,73.25,175.2,76.0,96.5
1183,2018,1628405.0,Johnathan Motley,PF,79.75,238.2,88.0,108.0
1184,2018,1629004.0,Svi Mykhailiuk,SG-SF,78.5,219.6,77.0,100.0
1185,2018,1628400.0,Semi Ojeleye,SF-SG,77.25,241.4,81.75,102.0
1186,2018,1628419.0,Cameron Oliver,PF,79.0,238.6,85.25,106.5
1187,2018,1628383.0,Justin Patton,C,82.0,229.0,87.0,111.5
1188,2018,1628409.0,Alec Peters,PF,79.25,232.0,82.75,105.0
1189,2018,1628397.0,Ivan Rabb,PF,80.75,219.6,85.5,109.0
1190,2018,1628432.0,Davon Reed,SG-SF,76.5,206.2,84.0,102.0
1191,2018,1628421.0,Devin Robinson,SF,79.0,189.6,84.75,106.0
1192,2018,1628424.0,Kobi Simmons,PG,75.25,166.2,78.0,99.0
1193,2018,1628410.0,Edmond Sumner,PG,76.0,176.4,81.0,102.5
1194,2018,1628403.0,Caleb Swanigan,PF,79.5,245.6,87.0,108.0
1195,2018,1628414.0,Sindarius Thornwell,SG-SF,75.5,211.6,82.0,103.0
1196,2018,1628453.0,Melo Trimble,PG,73.25,195.2,74.0,95.5
1197,2018,1629021.0,Moritz Wagner,PF,82.0,231.2,84.0,108.0
1198,2018,1628476.0,Derrick Walton Jr.,PG,71.0,188.6,74.5,95.0
1199,2018,1629118.0,Thomas Welsh,PF-C,83.5,254.0,84.0,109.5
1200,2018,1628401.0,Derrick White,PG,75.25,189.8,79.5,101.5
1201,2018,1628430.0,Nigel Williams-Goss,PG,73.5,190.2,79.25,99.0
1202,2018,1628391.0,D.J. Wilson,PF,80.75,234.4,87.0,109.5
1203,2018,1962937123.0,Omer Yurtseven,C,82.5,248.4,85.0,108.5
1204,2019,1628959.0,Rawle Alkins,SG,74.75,217.4,80.75,99.0
1205,2019,1628960.0,Grayson Allen,SG,75.0,198.0,79.25,97.0
1206,2019,1628961.0,Kostas Antetokounmpo,PF,81.0,194.8,86.25,110.0
1207,2019,1628962.0,Udoka Azubuike,C,82.0,273.8,91.0,112.5
1208,2019,1628964.0,Mohamed Bamba,C,83.25,225.6,94.0,115.5
1209,2019,1628965.0,Jaylen Barford,PG-SG,73.25,207.6,75.5,96.5
1210,2019,1628966.0,Keita Bates-Diop,SG-SF,79.25,223.8,87.25,106.5
1211,2019,1628967.0,Tyus Battle,SG,77.0,200.2,81.0,102.0
1212,2019,1628968.0,Brian Bowen,SG-SF,78.25,202.0,82.25,103.5
1213,2019,1628970.0,Miles Bridges,SF,77.25,220.4,81.5,103.5
1214,2019,1628971.0,Bruce Brown,SG-PG,75.5,194.6,81.0,98.5
1215,2019,1628972.0,Troy Brown,SF,77.75,208.0,82.25,105.0
1216,2019,1628973.0,Jalen Brunson,PG,73.0,198.4,76.0,96.0
1217,2019,1628974.0,Tony Carr,PG,75.0,198.8,80.25,100.0
1218,2019,1628975.0,Jevon Carter,PG,72.25,196.2,76.25,95.0
1219,2019,1628976.0,Wendell Carter,C-PF,80.75,251.4,88.5,109.0
1220,2019,1628978.0,Donte DiVincenzo,SG,75.5,200.6,78.0,97.5
1221,2019,1628977.0,Hamidou Diallo,SG,76.25,197.0,83.5,103.0
1222,2019,1628979.0,Trevon Duval,PG,73.5,191.0,80.25,97.5
1223,2019,1629035.0,Carsen Edwards,PG,70.75,195.6,78.25,94.5
1224,2019,1629037.0,Keenan Evans,PG,73.5,183.2,77.25,98.0
1225,2019,1628980.0,Jacob Evans,SG-SF,76.25,199.6,81.25,102.5
1226,2019,1628981.0,Bruno Fernando,C,80.75,233.2,88.25,109.0
1227,2019,1628982.0,Melvin Frazier,SF-SG,76.5,198.2,85.75,105.0
1228,2019,1628983.0,Shai Gilgeous-Alexander,PG,76.5,180.0,83.5,104.0
1229,2019,1628984.0,Devonte Graham,PG,72.25,186.4,78.25,96.0
1230,2019,1629036.0,Isaac Haas,C,85.25,303.0,89.0,111.5
1231,2019,1628985.0,Devon Hall,SG,76.25,206.4,79.75,102.0
1232,2019,1628986.0,Jaylen Hands,PG,73.5,179.0,77.5,98.0
1233,2019,1628987.0,Kevin Hervey,PF,78.5,211.6,87.5,107.0
1234,2019,1628988.0,Aaron Holiday,PG,71.75,187.0,79.5,97.0
1235,2019,1628989.0,Kevin Huerter,SG,78.25,194.0,79.5,101.5
1236,2019,1628991.0,Jaren Jackson,PF-C,81.75,236.0,89.25,110.0
1237,2019,1628992.0,Justin Jackson,PF,78.0,229.4,87.0,105.0
1238,2019,1628993.0,Alize Johnson,PF,79.25,216.6,80.75,103.0
1239,2019,1628994.0,George King,SF-SG,76.75,218.6,83.5,101.5
1240,2019,1628995.0,Kevin Knox,SF,79.75,212.6,83.75,108.0
1241,2019,1628996.0,Sagaba Konate,C,78.5,246.0,84.0,106.5
1242,2019,1628997.0,Caleb Martin,SF-SG,76.75,195.8,82.0,101.5
1243,2019,1628998.0,Cody Martin,SG-SF,76.75,188.6,82.25,102.5
1244,2019,1628999.0,Yante Maten,PF-C,79.25,246.2,84.5,107.5
1245,2019,1629000.0,Brandon McCoy,C,83.5,250.4,86.0,110.5
1246,2019,1629001.0,DeAnthony Melton,SG-PG,74.25,193.2,80.5,99.5
1247,2019,1629002.0,Chimezie Metu,PF-C,80.5,219.6,84.5,108.0
1248,2019,1629003.0,Shake Milton,SG-PG,76.5,207.2,84.75,99.5
1249,2019,1629004.0,Sviatoslav Mykhailiuk,SG-SF,78.5,211.6,76.75,100.0
1250,2019,1629005.0,Malik Newman,SG,74.5,189.2,77.5,98.5
1251,2019,1629006.0,Josh Okogie,SG,75.0,210.8,84.0,102.0
1252,2019,1629033.0,Theo Pinson,SG-SF,77.0,211.2,82.75,103.5
1253,2019,1629007.0,Jontay Porter,C-PF,82.0,236.0,84.25,109.0
1254,2019,1629008.0,Michael Porter,SF-PF,81.5,211.0,84.25,108.5
1255,2019,1629009.0,Billy Preston,PF,80.75,222.4,86.0,108.0
1256,2019,1629010.0,Jerome Robinson,SG,76.0,188.4,79.25,98.0
1257,2019,1629012.0,Collin Sexton,PG,72.5,183.0,79.25,98.5
1258,2019,1629013.0,Landry Shamet,PG,76.0,188.6,78.75,100.0
1259,2019,1629014.0,Anfernee Simons,SG-PG,74.25,183.2,81.25,99.5
1260,2019,1629015.0,Zhaire Smith,SF-SG,74.75,198.6,81.75,100.0
1261,2019,1629034.0,Ray Spalding,PF,81.0,215.4,88.75,109.0
1262,2019,1629016.0,Omari Spellman,PF-C,80.0,253.8,86.0,107.5
1263,2019,1629017.0,Khyri Thomas,SG,74.5,198.8,82.5,101.0
1264,2019,1629018.0,Gary Trent,SG,76.25,204.2,80.75,98.0
1265,2019,1629019.0,Allonzo Trier,SG,75.75,198.0,78.75,98.0
1266,2019,1629021.0,Moritz Wagner,C-PF,82.5,241.4,84.0,108.0
1267,2019,1629022.0,Lonnie Walker,SG,75.75,196.2,82.25,99.5
1268,2019,1629023.0,PJ Washington,PF,78.5,223.0,86.5,107.0
1269,2019,1629024.0,Austin Wiley,C,80.25,249.4,89.0,111.0
1270,2019,1629025.0,Kris Wilkes,SF,78.5,205.0,82.25,103.5
1271,2019,1629026.0,Kenrich Williams,SF,78.0,200.4,79.25,103.5
1272,2019,1629027.0,Trae Young,PG,72.5,177.8,75.0,95.5
1273,2020,1629638.0,Nickeil Alexander-Walker,SG,76.25,203.8,81.5,102.0
1274,2020,1629628.0,RJ Barrett,SF,,,,
1275,2020,1629646.0,Charles Bassey,C,80.75,239.0,87.5,109.5
1276,2020,1629647.0,Darius Bazley,PF,79.75,208.4,84.0,107.0
1277,2020,1629626.0,Bol Bol,C,84.75,208.0,91.0,115.5
1278,2020,1629648.0,Jordan Bone,SG,73.5,179.0,75.25,95.0
1279,2020,1628968.0,Brian Bowen II,SF,78.25,200.0,82.0,103.0
1280,2020,1629065.0,Ky Bowman,PG,73.0,181.2,79.0,98.0
1281,2020,1629649.0,Ignas Brazdeikis,SF,77.75,220.8,81.25,102.0
1282,2020,1629052.0,O'Shae Brissett,SF-PF,79.0,203.2,84.0,104.0
1283,2020,1629650.0,Moses Brown,C,85.25,237.2,88.75,113.0
1284,2020,1629634.0,Brandon Clarke,SF,79.25,207.2,80.25,102.0
1285,2020,1629651.0,Nicolas Claxton,C,82.0,216.6,86.5,110.0
1286,2020,1629076.0,Tyler Cook,PF,79.25,245.4,84.5,106.5
1287,2020,1629633.0,Jarrett Culver,SG,77.25,194.2,81.5,100.5
1288,2020,1629056.0,Terence Davis,SG,75.0,192.4,80.75,101.0
1289,2020,1629652.0,Luguentz Dort,PG,74.75,222.2,80.5,99.5
1290,2020,1629653.0,Devon Dotson,PG,72.0,178.6,75.25,95.5
1291,2020,1629654.0,Carsen Edwards,PG,70.75,199.4,78.0,94.5
1292,2020,1629605.0,Tacko Fall,C,89.25,288.8,98.25,122.5
1293,2020,1628981.0,Bruno Fernando,C,80.75,237.0,87.25,110.0
1294,2020,1629655.0,Daniel Gafford,PF,81.25,237.6,86.5,110.0
1295,2020,1629636.0,Darius Garland,PG,,,,
1296,2020,1629656.0,Quentin Grimes,SG,76.0,209.6,79.75,100.5
1297,2020,1629657.0,Kyle Guy,SG,72.75,167.8,76.5,95.5
1298,2020,1628986.0,Jaylen Hands,PG,73.5,180.4,77.5,97.0
1299,2020,1629607.0,Jared Harper,PG,69.75,169.2,77.5,94.0
1300,2020,1629637.0,Jaxson Hayes,PF,82.25,218.6,87.5,110.5
1301,2020,1629608.0,Dewan Hernandez,C,81.0,232.8,85.75,107.0
1302,2020,1629639.0,Tyler Herro,SG,76.5,192.4,75.25,100.5
1303,2020,1629658.0,Jalen Hoard,PF,79.25,212.6,84.75,105.5
1304,2020,1629659.0,Talen Horton-Tucker,SG,74.5,235.4,85.25,103.0
1305,2020,1629631.0,De'Andre Hunter,,,,,
1306,2020,1629610.0,DaQuan Jeffries,SF-PF,76.0,215.6,83.25,104.0
1307,2020,1629660.0,Ty Jerome,PG,76.25,194.4,76.0,98.0
1308,2020,1629640.0,Keldon Johnson,SG,76.75,216.4,81.25,104.0
1309,2020,1629661.0,Cameron Johnson,SG,79.0,205.2,82.0,103.0
1310,2020,1629662.0,Mfiondu Kabengele,PF,80.75,256.2,87.0,109.5
1311,2020,1629663.0,Louis King,SF,78.75,195.2,84.25,104.5
1312,2020,1629641.0,Romeo Langford,SG,76.5,,83.0,103.0
1313,2020,1629664.0,Dedric Lawson,PF,79.0,233.0,86.25,107.5
1314,2020,1629665.0,Jalen Lecque,PG,74.5,185.2,80.5,98.5
1315,2020,1629642.0,Nassir Little,SF,76.5,224.2,85.25,104.5
1316,2020,1629611.0,Terance Mann,SG-SF,76.75,204.6,79.75,101.0
1317,2020,1628998.0,Cody Martin,PG-SG,76.75,192.2,82.25,102.5
1318,2020,1629666.0,Charles Matthews,SG,77.0,194.8,81.5,103.0
1319,2020,1629667.0,Jalen McDaniels,SF,80.25,191.6,84.25,105.5
1320,2020,1629630.0,Ja Morant,PG,,,,
1321,2020,1629668.0,Zach Norvell Jr.,SG,76.5,206.4,78.0,101.0
1322,2020,1629669.0,Jaylen Nowell,SG,75.25,202.4,79.25,98.0
1323,2020,1629670.0,Jordan Nwora,PF,77.75,220.0,82.5,103.0
1324,2020,1629643.0,Chuma Okeke,,,,,
1325,2020,1629644.0,KZ Okpala,SF,79.25,209.6,85.75,106.5
1326,2020,1629671.0,Miye Oni,SG,76.25,205.6,82.75,100.5
1327,2020,1629672.0,Eric Paschall,SF,78.0,254.4,87.75,103.5
1328,2020,1629617.0,Reggie Perry,SF-PF,80.0,250.8,84.5,106.0
1329,2020,1629044.0,Shamorie Ponds,PG,71.5,180.0,75.5,96.5
1330,2020,1629673.0,Jordan Poole,SG,75.5,190.8,78.75,99.5
1331,2020,1629007.0,Jontay Porter,PF,81.75,210.4,84.0,109.5
1332,2020,1629645.0,Kevin Porter Jr.,SG,76.0,212.6,81.0,103.0
1333,2020,1629674.0,Neemias Queta,C,82.75,225.8,88.25,111.5
1334,2020,1629629.0,Cameron Reddish,SF,78.5,207.8,84.5,105.5
1335,2020,1629675.0,Naz Reid,PF,80.25,255.8,87.25,109.0
1336,2020,1629676.0,Isaiah Roby,PF,79.25,214.0,85.0,106.0
1337,2020,1629677.0,Luka Samanic,PF,81.5,227.2,82.5,107.0
1338,2020,1629678.0,Admiral Schofield,SF,76.0,240.6,81.75,102.5
1339,2020,1629621.0,Marial Shayok,SF-PF,76.5,196.8,84.25,103.5
1340,2020,1629679.0,Simisola Shittu,PF,80.5,227.2,85.25,106.0
1341,2020,1629681.0,Killian Tillie,,,,,
1342,2020,1629023.0,P.J. Washington,PF,78.5,230.4,86.5,106.5
1343,2020,1629682.0,Tremont Waters,PG,69.5,172.4,74.25,93.5
1344,2020,1629683.0,Quinndary Weatherspoon,SG,75.0,206.6,81.0,100.0
1345,2020,1629632.0,Coby White,PG,75.5,191.4,77.0,97.5
1346,2020,1629025.0,Kris Wilkes,SF,78.25,208.8,82.75,103.0
1347,2020,1629684.0,Grant Williams,PF,77.75,240.2,81.75,104.5
1348,2020,1629627.0,Zion Williamson,PF,,,,
1349,2020,1629685.0,Dylan Windler,SF,78.25,195.8,82.0,104.5
1350,2021,1630173.0,Precious Achiuwa,PF,79.5,234.0,84.75,108.5
1351,2021,1630234.0,Ty-Shon Alexander,SG,74.0,200.8,80.0,100.0
1352,2021,1628962.0,Udoka Azubuike,C,82.0,259.5,91.25,109.0
1353,2021,1630189.0,Tyler Bey,PF,78.0,212.8,85.25,105.5
1354,2021,1630213.0,Yoeli Childs,PF,78.0,226.4,83.5,106.0
1355,2021,1629603.0,Mamadi Diakite,PF,80.5,222.1,87.75,107.0
1356,2021,1629653.0,Devon Dotson,PG,72.5,185.2,75.0,95.0
1357,2021,1630220.0,Paul Eboua,SF-PF,78.0,222.2,87.5,108.0
1358,2021,1629604.0,CJ Elleby,SG-SF,77.5,198.6,79.25,100.5
1359,2021,1630235.0,Trent Forrest,PG,75.5,203.0,79.5,102.5
1360,2021,1630182.0,Josh Green,SG-SF,76.5,214.0,81.75,101.5
1361,2021,1630204.0,Ashton Hagans,PG,73.5,193.0,80.0,99.5
1362,2021,1630221.0,Joshua Hall,SF,78.0,196.6,83.0,104.5
1363,2021,1630223.0,Jalen Harris,SG,74.75,193.4,79.0,97.5
1364,2021,1630210.0,Markus Howard,PG,69.5,170.8,72.25,91.5
1365,2021,1630190.0,Elijah Hughes,SF-SG,76.75,229.0,79.5,101.5
1366,2021,1630198.0,Isaiah Joe,SG,75.0,170.4,79.5,101.0
1367,2021,1630222.0,Mason Jones,SG,75.75,207.2,79.0,102.5
1368,2021,1630233.0,Nathan Knight,PF-C,80.0,235.0,86.0,109.5
1369,2021,1630177.0,Theo Maledon,PG,76.0,187.4,80.75,100.5
1370,2021,1630211.0,Karim Mane,PG-SG,77.0,196.0,83.0,102.0
1371,2021,1630230.0,Naji Marshall,SF,77.75,233.5,84.75,102.5
1372,2021,1630231.0,Kenyon Martin Jr.,SF-PF,78.0,213.2,79.25,102.0
1373,2021,1630219.0,Skylar Mays,SG,75.0,204.0,78.0,99.0
1374,2021,1630192.0,Zeke Nnaji,PF-C,81.25,246.8,86.0,105.5
1375,2021,1629670.0,Jordan Nwora,SF-PF,77.75,223.0,82.25,104.0
1376,2021,1629617.0,Reggie Perry,PF-C,80.25,249.6,84.25,106.5
1377,2021,1629619.0,Myles Powell,PG-SG,72.5,194.0,79.0,99.0
1378,2021,1630193.0,Immanuel Quickley,SG,74.0,185.8,80.25,99.0
1379,2021,1630186.0,Jahmi'us Ramsey,SG,74.5,193.4,78.0,100.5
1380,2021,1630194.0,Paul Reed Jr.,PF,80.5,219.2,86.0,109.5
1381,2021,1630208.0,Nick Richards,C,82.5,241.6,86.25,110.0
1382,2021,1630203.0,Grant Riller,PG-SG,72.25,178.4,77.25,96.5
1383,2021,1630206.0,Jayden Scrubb,SG-SF,77.0,185.2,81.5,104.5
1384,2021,1630188.0,Jalen Smith,PF-C,81.25,224.6,86.25,110.0
1385,2021,1630199.0,Cassius Stanley,SG,77.0,201.6,79.0,99.5
1386,2021,1630205.0,Lamar Stevens,SF-PF,77.75,228.0,81.0,101.0
1387,2021,1630191.0,Isaiah Stewart,C,79.25,243.0,88.75,108.5
1388,2021,1630179.0,Tyrell Terry,PG,73.5,170.0,73.75,96.0
1389,2021,1629681.0,Killian Tillie,PF,80.75,221.6,80.0,106.0
1390,2021,1630214.0,Xavier Tillman Sr.,PF-C,79.5,266.5,86.0,106.0
1391,2021,1629700.0,Kaleb Wesson,C,81.25,252.6,87.5,111.5
1392,2021,1630232.0,Kahlil Whitney,SF,77.5,205.0,84.25,105.5
1393,2021,1630216.0,Cassius Winston,PG,72.5,196.0,78.0,97.0
1394,2021,1630218.0,Robert Woodard II,SF,77.5,230.2,86.0,105.5
