,TEAM_NAME,SEASON,TEAM_ID,PTS_home,_2pointer_PCT_HOME,_3pointer_PCT_HOME,FreeThrow_PCT_HOME,Assists_HOME,Rebounds_HOME,HOME_TEAM_WINS,PTS_away,_2pointer_PCT_AWAY,_3pointer_PCT_AWAY,FreeThrow_PCT_AWAY,Assists_AWAY,Rebounds_AWAY,AWAY_TEAM_WINS
0,76ers,2003,1610612755,3626.0,0.438,0.315,0.747,839.0,1733.0,21,3589.0,0.422,0.356,0.757,801.0,1616.0,12
1,76ers,2004,1610612755,4147.0,0.445,0.344,0.797,883.0,1744.0,25,3981.0,0.43,0.359,0.779,827.0,1701.0,18
2,76ers,2005,1610612755,4171.0,0.465,0.36,0.762,855.0,1713.0,23,3976.0,0.455,0.361,0.75,798.0,1585.0,15
3,76ers,2006,1610612755,3877.0,0.454,0.351,0.779,866.0,1702.0,21,3908.0,0.463,0.348,0.756,803.0,1550.0,14
4,76ers,2007,1610612755,3974.0,0.466,0.3,0.699,879.0,1739.0,22,3949.0,0.455,0.346,0.704,794.0,1698.0,18
5,76ers,2008,1610612755,4005.0,0.46,0.325,0.752,866.0,1713.0,24,3982.0,0.461,0.302,0.735,781.0,1662.0,17
6,76ers,2009,1610612755,3959.0,0.463,0.315,0.744,891.0,1651.0,12,4055.0,0.461,0.367,0.756,832.0,1711.0,15
7,76ers,2010,1610612755,4121.0,0.469,0.371,0.787,965.0,1696.0,26,3998.0,0.456,0.333,0.759,896.0,1732.0,15
8,76ers,2012,1610612755,3881.0,0.454,0.362,0.7,1006.0,1691.0,23,3759.0,0.435,0.355,0.748,861.0,1698.0,11
9,76ers,2013,1610612755,4113.0,0.443,0.321,0.7,954.0,1760.0,10,4042.0,0.431,0.304,0.715,837.0,1745.0,9
10,76ers,2014,1610612755,3905.0,0.421,0.318,0.704,936.0,1783.0,12,3637.0,0.397,0.312,0.652,747.0,1731.0,6
11,76ers,2015,1610612755,4021.0,0.435,0.341,0.675,918.0,1697.0,7,3967.0,0.43,0.334,0.721,847.0,1685.0,3
12,76ers,2016,1610612755,4198.0,0.443,0.346,0.77,1017.0,1776.0,17,4202.0,0.443,0.334,0.761,932.0,1737.0,11
13,76ers,2017,1610612755,4706.0,0.477,0.364,0.764,1187.0,2057.0,31,4428.0,0.468,0.376,0.754,1068.0,1882.0,22
14,76ers,2018,1610612755,4848.0,0.484,0.382,0.79,1143.0,1951.0,31,4597.0,0.46,0.336,0.752,1064.0,1966.0,20
15,Bucks,2003,1610612749,4146.0,0.46,0.385,0.76,1007.0,1753.0,27,3893.0,0.437,0.315,0.789,865.0,1709.0,14
16,Bucks,2004,1610612749,4079.0,0.459,0.353,0.796,903.0,1710.0,23,3894.0,0.444,0.344,0.741,817.0,1680.0,7
17,Bucks,2005,1610612749,4083.0,0.464,0.387,0.721,968.0,1696.0,25,3937.0,0.445,0.377,0.742,801.0,1681.0,15
18,Bucks,2006,1610612749,4153.0,0.479,0.367,0.739,958.0,1601.0,18,4019.0,0.451,0.333,0.741,813.0,1612.0,10
19,Bucks,2007,1610612749,4105.0,0.46,0.375,0.734,963.0,1714.0,19,3851.0,0.439,0.316,0.733,797.0,1704.0,7
20,Bucks,2008,1610612749,4212.0,0.455,0.36,0.781,992.0,1701.0,22,3930.0,0.436,0.347,0.783,810.0,1639.0,12
21,Bucks,2009,1610612749,4096.0,0.439,0.374,0.763,876.0,1770.0,28,3913.0,0.434,0.34,0.733,864.0,1755.0,18
22,Bucks,2010,1610612749,3785.0,0.435,0.336,0.769,774.0,1724.0,22,3749.0,0.427,0.348,0.747,771.0,1618.0,13
23,Bucks,2012,1610612749,4152.0,0.44,0.361,0.748,969.0,1840.0,21,3956.0,0.431,0.35,0.722,907.0,1765.0,17
24,Bucks,2013,1610612749,3870.0,0.437,0.353,0.738,880.0,1714.0,10,3959.0,0.443,0.36,0.752,880.0,1656.0,5
25,Bucks,2014,1610612749,4011.0,0.465,0.38,0.768,1006.0,1757.0,23,4012.0,0.456,0.348,0.737,926.0,1693.0,18
26,Bucks,2015,1610612749,4135.0,0.469,0.354,0.748,989.0,1698.0,23,3987.0,0.466,0.336,0.746,906.0,1719.0,10
27,Bucks,2016,1610612749,4348.0,0.481,0.377,0.782,1002.0,1629.0,23,4149.0,0.47,0.368,0.754,982.0,1683.0,19
28,Bucks,2017,1610612749,4378.0,0.484,0.351,0.785,966.0,1609.0,25,4460.0,0.474,0.362,0.783,961.0,1700.0,18
29,Bucks,2018,1610612749,4914.0,0.485,0.361,0.771,1068.0,2056.0,33,4772.0,0.469,0.345,0.773,1068.0,2022.0,27
30,Bulls,2003,1610612741,3645.0,0.406,0.346,0.718,933.0,1872.0,14,3710.0,0.426,0.347,0.727,860.0,1695.0,9
31,Bulls,2004,1610612741,3911.0,0.437,0.349,0.733,946.0,1858.0,27,3834.0,0.433,0.36,0.766,797.0,1734.0,20
32,Bulls,2005,1610612741,4020.0,0.453,0.377,0.736,934.0,1775.0,21,4000.0,0.444,0.375,0.736,870.0,1733.0,20
33,Bulls,2006,1610612741,4099.0,0.465,0.362,0.752,967.0,1839.0,31,4001.0,0.452,0.416,0.718,865.0,1742.0,18
34,Bulls,2007,1610612741,4043.0,0.438,0.355,0.769,917.0,1829.0,20,3938.0,0.433,0.377,0.742,894.0,1699.0,13
35,Bulls,2008,1610612741,4278.0,0.461,0.379,0.797,887.0,1743.0,28,4100.0,0.453,0.371,0.791,845.0,1708.0,13
36,Bulls,2009,1610612741,4018.0,0.453,0.346,0.748,903.0,1886.0,24,3975.0,0.452,0.326,0.759,801.0,1766.0,17
37,Bulls,2010,1610612741,4104.0,0.465,0.385,0.761,952.0,1812.0,36,3983.0,0.461,0.336,0.723,875.0,1809.0,26
38,Bulls,2012,1610612741,3809.0,0.433,0.37,0.769,945.0,1813.0,24,3832.0,0.444,0.332,0.78,941.0,1727.0,21
39,Bulls,2013,1610612741,3873.0,0.434,0.339,0.783,986.0,1860.0,27,3807.0,0.433,0.354,0.78,874.0,1760.0,21
40,Bulls,2014,1610612741,4178.0,0.441,0.347,0.787,924.0,1903.0,27,4087.0,0.446,0.36,0.777,857.0,1848.0,23
41,Bulls,2015,1610612741,4175.0,0.44,0.368,0.781,982.0,1997.0,26,4160.0,0.446,0.37,0.783,888.0,1799.0,16
42,Bulls,2016,1610612741,4253.0,0.44,0.342,0.808,973.0,1929.0,25,4182.0,0.45,0.327,0.787,878.0,1867.0,16
43,Bulls,2017,1610612741,4236.0,0.438,0.364,0.77,1001.0,1820.0,17,4204.0,0.433,0.343,0.744,922.0,1842.0,10
44,Bulls,2018,1610612741,4247.0,0.45,0.338,0.783,927.0,1753.0,9,4358.0,0.459,0.36,0.794,869.0,1764.0,13
45,Cavaliers,2003,1610612739,3917.0,0.435,0.318,0.768,963.0,1893.0,23,3702.0,0.434,0.317,0.729,845.0,1844.0,12
46,Cavaliers,2004,1610612739,4074.0,0.463,0.346,0.754,1015.0,1815.0,29,3840.0,0.433,0.305,0.747,836.0,1654.0,13
47,Cavaliers,2005,1610612739,4076.0,0.464,0.359,0.733,840.0,1799.0,31,3926.0,0.446,0.318,0.722,720.0,1671.0,19
48,Cavaliers,2006,1610612739,4010.0,0.455,0.372,0.68,909.0,1827.0,30,3924.0,0.441,0.32,0.707,799.0,1741.0,20
49,Cavaliers,2007,1610612739,4006.0,0.444,0.328,0.733,891.0,1875.0,27,3897.0,0.434,0.366,0.703,749.0,1780.0,18
50,Cavaliers,2008,1610612739,4196.0,0.479,0.398,0.781,895.0,1754.0,39,4027.0,0.46,0.39,0.731,768.0,1706.0,27
51,Cavaliers,2009,1610612739,4234.0,0.497,0.376,0.725,1003.0,1727.0,35,4139.0,0.474,0.389,0.726,832.0,1756.0,26
52,Cavaliers,2010,1610612739,3924.0,0.435,0.347,0.734,905.0,1705.0,12,3903.0,0.436,0.336,0.753,815.0,1600.0,7
53,Cavaliers,2012,1610612739,3983.0,0.436,0.345,0.755,919.0,1715.0,14,3930.0,0.433,0.343,0.756,775.0,1648.0,10
54,Cavaliers,2013,1610612739,4053.0,0.435,0.358,0.745,962.0,1928.0,19,4001.0,0.441,0.352,0.754,776.0,1690.0,14
55,Cavaliers,2014,1610612739,4241.0,0.469,0.386,0.741,991.0,1784.0,31,4216.0,0.449,0.342,0.75,823.0,1739.0,22
56,Cavaliers,2015,1610612739,4372.0,0.47,0.366,0.761,1016.0,1837.0,33,4183.0,0.454,0.359,0.737,845.0,1813.0,24
57,Cavaliers,2016,1610612739,4622.0,0.483,0.389,0.728,1007.0,1847.0,31,4426.0,0.459,0.375,0.759,851.0,1740.0,20
58,Cavaliers,2017,1610612739,4650.0,0.482,0.364,0.76,1015.0,1785.0,29,4521.0,0.47,0.378,0.793,922.0,1716.0,21
59,Cavaliers,2018,1610612739,4312.0,0.446,0.357,0.801,868.0,1780.0,13,4255.0,0.444,0.348,0.772,830.0,1718.0,6
60,Celtics,2003,1610612738,3936.0,0.444,0.353,0.766,848.0,1717.0,19,3875.0,0.444,0.331,0.747,835.0,1574.0,17
61,Celtics,2004,1610612738,4128.0,0.471,0.366,0.758,931.0,1725.0,27,4176.0,0.469,0.329,0.762,879.0,1622.0,18
62,Celtics,2005,1610612738,3947.0,0.464,0.352,0.749,879.0,1685.0,21,4086.0,0.474,0.371,0.756,837.0,1560.0,12
63,Celtics,2006,1610612738,3930.0,0.444,0.37,0.773,869.0,1662.0,12,3927.0,0.445,0.362,0.763,761.0,1647.0,12
64,Celtics,2007,1610612738,4115.0,0.482,0.364,0.767,1004.0,1732.0,35,4130.0,0.47,0.389,0.772,829.0,1713.0,31
65,Celtics,2008,1610612738,4287.0,0.496,0.411,0.768,1015.0,1712.0,35,3988.0,0.474,0.369,0.76,847.0,1743.0,27
66,Celtics,2009,1610612738,4114.0,0.491,0.334,0.745,1038.0,1555.0,24,4022.0,0.478,0.349,0.737,892.0,1610.0,26
67,Celtics,2010,1610612738,4080.0,0.504,0.363,0.747,1005.0,1558.0,33,3833.0,0.47,0.36,0.788,916.0,1623.0,23
68,Celtics,2012,1610612738,3940.0,0.48,0.355,0.755,951.0,1561.0,27,3878.0,0.453,0.365,0.798,892.0,1626.0,14
69,Celtics,2013,1610612738,3958.0,0.443,0.332,0.787,901.0,1770.0,16,3934.0,0.431,0.322,0.784,825.0,1715.0,9
70,Celtics,2014,1610612738,4158.0,0.444,0.333,0.769,1016.0,1822.0,21,4154.0,0.445,0.319,0.744,993.0,1773.0,19
71,Celtics,2015,1610612738,4348.0,0.437,0.33,0.785,1013.0,1885.0,28,4321.0,0.444,0.341,0.792,968.0,1798.0,20
72,Celtics,2016,1610612738,4490.0,0.457,0.377,0.821,1100.0,1772.0,30,4367.0,0.453,0.341,0.799,969.0,1669.0,23
73,Celtics,2017,1610612738,4431.0,0.455,0.374,0.768,1008.0,1895.0,28,4211.0,0.447,0.389,0.778,854.0,1795.0,28
74,Celtics,2018,1610612738,4678.0,0.474,0.364,0.812,1125.0,1889.0,28,4538.0,0.458,0.362,0.801,1030.0,1764.0,21
75,Clippers,2003,1610612746,3942.0,0.433,0.336,0.782,863.0,1770.0,18,3829.0,0.425,0.298,0.794,790.0,1795.0,10
76,Clippers,2004,1610612746,4062.0,0.474,0.331,0.771,1029.0,1790.0,27,3787.0,0.447,0.352,0.786,872.0,1645.0,10
77,Clippers,2005,1610612746,3983.0,0.469,0.332,0.78,934.0,1747.0,27,3987.0,0.463,0.348,0.796,774.0,1785.0,20
78,Clippers,2006,1610612746,3994.0,0.461,0.328,0.788,946.0,1689.0,25,3849.0,0.453,0.379,0.779,816.0,1683.0,15
79,Clippers,2007,1610612746,3793.0,0.438,0.274,0.772,928.0,1656.0,13,3899.0,0.439,0.362,0.788,804.0,1635.0,10
80,Clippers,2008,1610612746,3849.0,0.442,0.337,0.722,888.0,1629.0,11,3950.0,0.44,0.36,0.746,835.0,1638.0,8
81,Clippers,2009,1610612746,3953.0,0.465,0.331,0.736,967.0,1722.0,21,3896.0,0.45,0.327,0.711,843.0,1707.0,8
82,Clippers,2010,1610612746,4118.0,0.465,0.326,0.708,990.0,1765.0,23,3971.0,0.451,0.348,0.703,823.0,1691.0,9
83,Clippers,2012,1610612746,4269.0,0.493,0.366,0.739,1076.0,1705.0,32,4020.0,0.463,0.342,0.696,882.0,1708.0,24
84,Clippers,2013,1610612746,4542.0,0.486,0.345,0.737,1060.0,1813.0,34,4308.0,0.465,0.358,0.726,956.0,1713.0,23
85,Clippers,2014,1610612746,4346.0,0.471,0.371,0.713,1071.0,1787.0,30,4405.0,0.476,0.374,0.71,960.0,1708.0,26
86,Clippers,2015,1610612746,4297.0,0.468,0.369,0.711,968.0,1792.0,29,4272.0,0.464,0.362,0.702,905.0,1656.0,24
87,Clippers,2016,1610612746,4495.0,0.485,0.369,0.753,961.0,1778.0,29,4416.0,0.468,0.379,0.745,887.0,1750.0,22
88,Clippers,2017,1610612746,4498.0,0.477,0.349,0.739,950.0,1816.0,22,4439.0,0.468,0.353,0.74,882.0,1782.0,20
89,Clippers,2018,1610612746,4834.0,0.476,0.388,0.793,1060.0,1927.0,26,4608.0,0.468,0.387,0.785,910.0,1805.0,22
90,Grizzlies,2003,1610612763,4028.0,0.45,0.352,0.722,999.0,1810.0,31,3902.0,0.442,0.335,0.729,916.0,1618.0,19
91,Grizzlies,2004,1610612763,3838.0,0.449,0.339,0.734,839.0,1634.0,26,3823.0,0.448,0.371,0.764,877.0,1560.0,19
92,Grizzlies,2005,1610612763,3824.0,0.456,0.372,0.707,808.0,1684.0,30,3734.0,0.444,0.39,0.707,778.0,1529.0,19
93,Grizzlies,2006,1610612763,4326.0,0.475,0.368,0.764,847.0,1628.0,14,4005.0,0.453,0.341,0.759,833.0,1613.0,8
94,Grizzlies,2007,1610612763,4240.0,0.472,0.366,0.723,785.0,1708.0,14,4017.0,0.438,0.315,0.735,789.0,1707.0,8
95,Grizzlies,2008,1610612763,3905.0,0.46,0.368,0.758,713.0,1630.0,16,3793.0,0.449,0.342,0.753,710.0,1554.0,8
96,Grizzlies,2009,1610612763,4173.0,0.462,0.308,0.745,747.0,1824.0,23,4231.0,0.476,0.357,0.729,796.0,1742.0,17
97,Grizzlies,2010,1610612763,4218.0,0.493,0.321,0.762,850.0,1653.0,30,3977.0,0.45,0.336,0.737,841.0,1708.0,16
98,Grizzlies,2012,1610612763,3823.0,0.439,0.351,0.773,823.0,1812.0,32,3836.0,0.453,0.331,0.771,892.0,1692.0,24
99,Grizzlies,2013,1610612763,4046.0,0.472,0.358,0.743,886.0,1723.0,27,3838.0,0.459,0.346,0.729,906.0,1753.0,23
100,Grizzlies,2014,1610612763,4078.0,0.459,0.345,0.793,859.0,1813.0,31,3984.0,0.46,0.328,0.766,918.0,1677.0,24
101,Grizzlies,2015,1610612763,4176.0,0.443,0.356,0.793,860.0,1726.0,26,3950.0,0.441,0.299,0.77,837.0,1687.0,16
102,Grizzlies,2016,1610612763,4069.0,0.429,0.351,0.782,867.0,1810.0,24,4170.0,0.444,0.351,0.776,877.0,1697.0,19
103,Grizzlies,2017,1610612763,4109.0,0.442,0.344,0.77,916.0,1712.0,16,4036.0,0.447,0.358,0.794,851.0,1611.0,6
104,Grizzlies,2018,1610612763,4289.0,0.452,0.324,0.767,973.0,1760.0,21,4201.0,0.449,0.356,0.783,990.0,1666.0,12
105,Hawks,2003,1610612737,3943.0,0.441,0.335,0.779,832.0,1819.0,18,3668.0,0.427,0.305,0.765,816.0,1684.0,10
106,Hawks,2004,1610612737,3849.0,0.447,0.324,0.711,825.0,1768.0,9,3756.0,0.436,0.292,0.703,789.0,1667.0,4
107,Hawks,2005,1610612737,4068.0,0.465,0.352,0.752,836.0,1670.0,18,3904.0,0.445,0.358,0.741,789.0,1631.0,8
108,Hawks,2006,1610612737,3959.0,0.453,0.313,0.772,838.0,1693.0,18,3721.0,0.437,0.333,0.757,735.0,1595.0,12
109,Hawks,2007,1610612737,4173.0,0.469,0.332,0.784,1009.0,1764.0,25,3881.0,0.441,0.355,0.758,795.0,1698.0,12
110,Hawks,2008,1610612737,4045.0,0.47,0.364,0.74,919.0,1679.0,31,4001.0,0.448,0.367,0.737,738.0,1603.0,16
111,Hawks,2009,1610612737,4286.0,0.472,0.366,0.753,1019.0,1780.0,34,4052.0,0.465,0.353,0.753,770.0,1640.0,19
112,Hawks,2010,1610612737,3896.0,0.466,0.351,0.764,966.0,1583.0,24,3894.0,0.461,0.368,0.782,836.0,1639.0,20
113,Hawks,2012,1610612737,4075.0,0.471,0.377,0.692,1029.0,1698.0,25,3957.0,0.46,0.37,0.725,978.0,1653.0,19
114,Hawks,2013,1610612737,4135.0,0.454,0.355,0.783,1046.0,1669.0,24,4147.0,0.463,0.364,0.783,995.0,1609.0,14
115,Hawks,2014,1610612737,4245.0,0.477,0.381,0.784,1109.0,1683.0,35,4164.0,0.458,0.379,0.769,1002.0,1643.0,25
116,Hawks,2015,1610612737,4247.0,0.469,0.361,0.78,1113.0,1710.0,27,4186.0,0.448,0.342,0.776,987.0,1741.0,21
117,Hawks,2016,1610612737,4343.0,0.458,0.343,0.728,1013.0,1814.0,23,4116.0,0.446,0.34,0.724,925.0,1821.0,20
118,Hawks,2017,1610612737,4295.0,0.455,0.367,0.798,1046.0,1706.0,16,4180.0,0.44,0.36,0.776,900.0,1730.0,8
119,Hawks,2018,1610612737,4747.0,0.454,0.348,0.766,1097.0,1940.0,17,4547.0,0.449,0.354,0.737,1021.0,1840.0,12
120,Heat,2003,1610612748,3817.0,0.438,0.355,0.762,766.0,1723.0,29,3585.0,0.415,0.362,0.757,799.0,1676.0,13
121,Heat,2004,1610612748,4182.0,0.487,0.361,0.691,838.0,1776.0,35,4145.0,0.488,0.391,0.665,952.0,1750.0,24
122,Heat,2005,1610612748,4198.0,0.498,0.313,0.69,820.0,1751.0,31,3993.0,0.46,0.359,0.702,872.0,1782.0,21
123,Heat,2006,1610612748,3885.0,0.482,0.339,0.667,788.0,1638.0,27,3874.0,0.45,0.347,0.703,893.0,1705.0,17
124,Heat,2007,1610612748,3802.0,0.45,0.331,0.758,804.0,1549.0,9,3689.0,0.436,0.368,0.705,840.0,1536.0,6
125,Heat,2008,1610612748,4133.0,0.466,0.383,0.739,791.0,1680.0,28,3928.0,0.448,0.333,0.759,880.0,1559.0,15
126,Heat,2009,1610612748,3967.0,0.457,0.341,0.754,755.0,1703.0,24,3947.0,0.461,0.343,0.758,793.0,1725.0,23
127,Heat,2010,1610612748,4228.0,0.479,0.353,0.776,780.0,1727.0,30,4141.0,0.484,0.382,0.758,859.0,1729.0,28
128,Heat,2012,1610612748,4362.0,0.509,0.412,0.785,958.0,1584.0,37,4074.0,0.485,0.375,0.733,932.0,1582.0,29
129,Heat,2013,1610612748,4283.0,0.515,0.371,0.759,897.0,1530.0,32,4097.0,0.489,0.357,0.768,950.0,1494.0,22
130,Heat,2014,1610612748,3970.0,0.465,0.353,0.756,777.0,1623.0,20,3794.0,0.449,0.318,0.728,849.0,1585.0,17
131,Heat,2015,1610612748,4232.0,0.485,0.347,0.747,841.0,1801.0,28,3972.0,0.458,0.319,0.749,868.0,1817.0,20
132,Heat,2016,1610612748,4365.0,0.472,0.379,0.695,864.0,1788.0,23,4095.0,0.44,0.343,0.721,878.0,1789.0,18
133,Heat,2017,1610612748,4290.0,0.461,0.358,0.765,909.0,1779.0,26,4293.0,0.452,0.361,0.745,978.0,1826.0,17
134,Heat,2018,1610612748,4347.0,0.45,0.355,0.681,980.0,1911.0,19,4321.0,0.453,0.346,0.697,1011.0,1889.0,20
135,Hornets,2004,1610612766,3949.0,0.441,0.373,0.713,936.0,1735.0,14,3780.0,0.426,0.36,0.695,858.0,1683.0,4
136,Hornets,2005,1610612766,4038.0,0.432,0.332,0.722,854.0,1675.0,17,3905.0,0.433,0.334,0.731,863.0,1585.0,9
137,Hornets,2006,1610612766,3999.0,0.445,0.375,0.74,931.0,1671.0,20,3946.0,0.449,0.345,0.726,905.0,1595.0,13
138,Hornets,2007,1610612766,4094.0,0.46,0.371,0.721,875.0,1700.0,21,3865.0,0.446,0.354,0.71,873.0,1632.0,11
139,Hornets,2008,1610612766,3843.0,0.455,0.351,0.743,868.0,1685.0,23,3834.0,0.456,0.375,0.723,873.0,1567.0,12
140,Hornets,2009,1610612766,4031.0,0.462,0.366,0.758,873.0,1711.0,31,3782.0,0.446,0.32,0.741,785.0,1637.0,13
141,Hornets,2010,1610612766,3933.0,0.46,0.354,0.743,932.0,1648.0,21,3717.0,0.445,0.285,0.767,796.0,1644.0,13
142,Hornets,2012,1610612766,3955.0,0.436,0.35,0.769,884.0,1693.0,15,3706.0,0.415,0.317,0.739,703.0,1613.0,6
143,Hornets,2013,1610612766,3956.0,0.442,0.34,0.747,916.0,1761.0,25,3986.0,0.445,0.359,0.731,862.0,1739.0,18
144,Hornets,2014,1610612766,3896.0,0.419,0.312,0.733,860.0,1827.0,19,3825.0,0.422,0.314,0.762,794.0,1786.0,14
145,Hornets,2015,1610612766,4324.0,0.445,0.365,0.796,942.0,1855.0,30,4155.0,0.433,0.358,0.794,836.0,1748.0,18
146,Hornets,2016,1610612766,4370.0,0.45,0.352,0.802,989.0,1800.0,22,4231.0,0.436,0.344,0.831,902.0,1774.0,14
147,Hornets,2017,1610612766,4507.0,0.457,0.36,0.753,894.0,1865.0,21,4367.0,0.444,0.366,0.742,876.0,1863.0,15
148,Hornets,2018,1610612766,4639.0,0.46,0.362,0.799,974.0,1833.0,25,4442.0,0.437,0.34,0.786,931.0,1759.0,14
149,Jazz,2003,1610612762,3688.0,0.443,0.332,0.758,823.0,1713.0,28,3583.0,0.431,0.306,0.738,848.0,1662.0,14
150,Jazz,2004,1610612762,3868.0,0.455,0.345,0.763,906.0,1654.0,18,3757.0,0.444,0.323,0.756,920.0,1636.0,8
151,Jazz,2005,1610612762,3786.0,0.443,0.341,0.72,861.0,1779.0,22,3787.0,0.444,0.319,0.715,911.0,1672.0,19
152,Jazz,2006,1610612762,4289.0,0.491,0.347,0.747,1057.0,1769.0,31,4033.0,0.458,0.319,0.741,967.0,1717.0,20
153,Jazz,2007,1610612762,4468.0,0.513,0.406,0.766,1127.0,1682.0,37,4242.0,0.483,0.327,0.754,1038.0,1670.0,17
154,Jazz,2008,1610612762,4305.0,0.486,0.37,0.775,1049.0,1722.0,33,4187.0,0.465,0.318,0.766,975.0,1641.0,15
155,Jazz,2009,1610612762,4412.0,0.513,0.375,0.737,1100.0,1688.0,32,4135.0,0.474,0.326,0.748,1087.0,1772.0,21
156,Jazz,2010,1610612762,4141.0,0.471,0.324,0.781,946.0,1631.0,21,4012.0,0.46,0.345,0.76,975.0,1605.0,18
157,Jazz,2012,1610612762,4111.0,0.471,0.379,0.754,958.0,1742.0,30,3927.0,0.438,0.337,0.764,901.0,1704.0,13
158,Jazz,2013,1610612762,3967.0,0.457,0.346,0.766,789.0,1709.0,16,3824.0,0.432,0.342,0.73,875.0,1672.0,9
159,Jazz,2014,1610612762,3948.0,0.45,0.338,0.714,770.0,1832.0,21,3853.0,0.445,0.35,0.731,862.0,1773.0,17
160,Jazz,2015,1610612762,4041.0,0.456,0.359,0.736,711.0,1811.0,24,3969.0,0.444,0.353,0.754,843.0,1734.0,16
161,Jazz,2016,1610612762,4146.0,0.471,0.387,0.741,813.0,1771.0,29,4112.0,0.463,0.356,0.752,838.0,1774.0,22
162,Jazz,2017,1610612762,4283.0,0.466,0.351,0.774,892.0,1793.0,28,4365.0,0.459,0.382,0.792,965.0,1796.0,19
163,Jazz,2018,1610612762,4618.0,0.468,0.364,0.743,1088.0,1970.0,29,4543.0,0.469,0.345,0.734,1045.0,1831.0,21
164,Kings,2003,1610612758,4334.0,0.474,0.408,0.805,1079.0,1726.0,34,4099.0,0.454,0.395,0.791,1073.0,1654.0,21
165,Kings,2004,1610612758,4381.0,0.475,0.396,0.785,1047.0,1783.0,30,4124.0,0.445,0.348,0.798,958.0,1695.0,20
166,Kings,2005,1610612758,4145.0,0.466,0.355,0.784,930.0,1656.0,27,3961.0,0.445,0.344,0.787,895.0,1669.0,17
167,Kings,2006,1610612758,4251.0,0.463,0.353,0.773,825.0,1622.0,20,4052.0,0.44,0.341,0.76,840.0,1571.0,13
168,Kings,2007,1610612758,4280.0,0.464,0.369,0.804,731.0,1683.0,26,4128.0,0.465,0.379,0.789,836.0,1602.0,12
169,Kings,2008,1610612758,4188.0,0.447,0.358,0.787,793.0,1668.0,11,4060.0,0.45,0.369,0.803,826.0,1538.0,6
170,Kings,2009,1610612758,4244.0,0.464,0.357,0.723,824.0,1778.0,18,3956.0,0.45,0.346,0.722,855.0,1717.0,7
171,Kings,2010,1610612758,4047.0,0.445,0.329,0.733,806.0,1812.0,11,4104.0,0.455,0.341,0.724,869.0,1785.0,13
172,Kings,2012,1610612758,4289.0,0.466,0.376,0.774,867.0,1702.0,20,3930.0,0.43,0.34,0.757,841.0,1626.0,8
173,Kings,2013,1610612758,4188.0,0.456,0.328,0.772,782.0,1835.0,17,4053.0,0.441,0.328,0.745,765.0,1811.0,11
174,Kings,2014,1610612758,4156.0,0.461,0.327,0.761,833.0,1818.0,18,4154.0,0.452,0.353,0.759,834.0,1805.0,11
175,Kings,2015,1610612758,4410.0,0.468,0.366,0.723,979.0,1807.0,18,4330.0,0.462,0.355,0.715,1030.0,1821.0,15
176,Kings,2016,1610612758,4307.0,0.47,0.388,0.791,927.0,1657.0,17,4123.0,0.454,0.373,0.75,917.0,1710.0,15
177,Kings,2017,1610612758,4128.0,0.462,0.376,0.77,895.0,1702.0,14,3976.0,0.439,0.378,0.711,873.0,1652.0,13
178,Kings,2018,1610612758,4712.0,0.464,0.374,0.724,1042.0,1928.0,24,4651.0,0.465,0.379,0.715,1041.0,1797.0,15
179,Knicks,2003,1610612752,3833.0,0.447,0.354,0.787,826.0,1835.0,23,3709.0,0.439,0.363,0.799,869.0,1658.0,16
180,Knicks,2004,1610612752,4050.0,0.462,0.38,0.791,836.0,1657.0,22,3927.0,0.443,0.344,0.737,829.0,1701.0,11
181,Knicks,2005,1610612752,4027.0,0.46,0.312,0.726,731.0,1742.0,15,3815.0,0.453,0.418,0.717,737.0,1652.0,8
182,Knicks,2006,1610612752,4084.0,0.459,0.325,0.726,782.0,1805.0,19,3910.0,0.457,0.354,0.704,750.0,1743.0,14
183,Knicks,2007,1610612752,3974.0,0.446,0.33,0.697,722.0,1773.0,15,3974.0,0.434,0.343,0.754,808.0,1713.0,8
184,Knicks,2008,1610612752,4385.0,0.449,0.363,0.795,834.0,1766.0,20,4242.0,0.442,0.357,0.782,904.0,1690.0,12
185,Knicks,2009,1610612752,4244.0,0.46,0.336,0.794,870.0,1699.0,18,4129.0,0.451,0.355,0.776,902.0,1614.0,11
186,Knicks,2010,1610612752,4432.0,0.473,0.351,0.802,874.0,1643.0,23,4302.0,0.444,0.38,0.815,883.0,1674.0,19
187,Knicks,2012,1610612752,4210.0,0.459,0.39,0.757,811.0,1671.0,31,3986.0,0.439,0.356,0.756,768.0,1655.0,23
188,Knicks,2013,1610612752,4098.0,0.456,0.373,0.763,794.0,1664.0,19,3986.0,0.446,0.365,0.757,847.0,1643.0,18
189,Knicks,2014,1610612752,3750.0,0.43,0.332,0.768,816.0,1663.0,10,3785.0,0.43,0.374,0.766,930.0,1647.0,7
190,Knicks,2015,1610612752,4052.0,0.44,0.335,0.833,835.0,1838.0,18,4013.0,0.44,0.351,0.788,847.0,1800.0,14
191,Knicks,2016,1610612752,4300.0,0.462,0.358,0.782,884.0,1838.0,19,4256.0,0.434,0.339,0.79,902.0,1868.0,12
192,Knicks,2017,1610612752,4379.0,0.472,0.372,0.77,937.0,1863.0,19,4187.0,0.458,0.333,0.804,975.0,1748.0,10
193,Knicks,2018,1610612752,4342.0,0.441,0.343,0.762,855.0,1842.0,9,4233.0,0.426,0.335,0.758,791.0,1826.0,8
194,Lakers,2003,1610612747,4066.0,0.46,0.311,0.699,1010.0,1812.0,34,3986.0,0.448,0.331,0.697,938.0,1724.0,22
195,Lakers,2004,1610612747,4116.0,0.448,0.359,0.785,883.0,1805.0,22,3979.0,0.428,0.353,0.772,789.0,1734.0,12
196,Lakers,2005,1610612747,4188.0,0.463,0.346,0.755,919.0,1745.0,27,3966.0,0.445,0.352,0.743,815.0,1713.0,18
197,Lakers,2006,1610612747,4357.0,0.477,0.371,0.729,1040.0,1764.0,25,4117.0,0.456,0.324,0.767,810.0,1617.0,17
198,Lakers,2007,1610612747,4518.0,0.476,0.39,0.786,1054.0,1861.0,30,4386.0,0.479,0.371,0.761,949.0,1759.0,27
199,Lakers,2008,1610612747,4426.0,0.475,0.372,0.759,1032.0,1877.0,36,4342.0,0.474,0.359,0.777,876.0,1725.0,29
200,Lakers,2009,1610612747,4260.0,0.459,0.348,0.777,958.0,1843.0,34,4079.0,0.457,0.329,0.744,772.0,1792.0,23
201,Lakers,2010,1610612747,4249.0,0.468,0.349,0.782,945.0,1806.0,30,4072.0,0.46,0.354,0.766,856.0,1799.0,27
202,Lakers,2012,1610612747,4206.0,0.469,0.354,0.665,997.0,1914.0,29,4175.0,0.45,0.352,0.728,821.0,1760.0,16
203,Lakers,2013,1610612747,4262.0,0.46,0.372,0.761,1063.0,1680.0,14,4180.0,0.442,0.383,0.754,943.0,1685.0,13
204,Lakers,2014,1610612747,4041.0,0.439,0.314,0.711,885.0,1818.0,12,4032.0,0.432,0.367,0.766,830.0,1781.0,9
205,Lakers,2015,1610612747,3969.0,0.415,0.294,0.785,776.0,1803.0,12,4013.0,0.416,0.341,0.772,702.0,1720.0,5
206,Lakers,2016,1610612747,4410.0,0.464,0.359,0.753,903.0,1802.0,17,4165.0,0.437,0.326,0.758,813.0,1767.0,9
207,Lakers,2017,1610612747,4380.0,0.458,0.324,0.72,1002.0,1979.0,20,4482.0,0.464,0.356,0.717,947.0,1824.0,15
208,Lakers,2018,1610612747,4551.0,0.472,0.326,0.693,1068.0,1931.0,22,4614.0,0.47,0.337,0.702,1028.0,1889.0,15
209,Magic,2003,1610612753,3878.0,0.431,0.343,0.741,755.0,1679.0,11,3833.0,0.429,0.34,0.731,829.0,1674.0,10
210,Magic,2004,1610612753,4225.0,0.47,0.352,0.759,839.0,1840.0,24,3935.0,0.442,0.332,0.754,744.0,1742.0,12
211,Magic,2005,1610612753,3964.0,0.48,0.34,0.742,753.0,1711.0,26,3820.0,0.467,0.411,0.72,742.0,1583.0,10
212,Magic,2006,1610612753,3922.0,0.477,0.33,0.716,752.0,1695.0,25,3849.0,0.47,0.362,0.692,773.0,1643.0,15
213,Magic,2007,1610612753,4286.0,0.479,0.402,0.713,850.0,1721.0,25,4281.0,0.471,0.377,0.736,856.0,1724.0,27
214,Magic,2008,1610612753,4151.0,0.458,0.366,0.71,795.0,1813.0,32,4135.0,0.455,0.387,0.727,798.0,1734.0,27
215,Magic,2009,1610612753,4322.0,0.483,0.375,0.743,810.0,1782.0,34,4104.0,0.457,0.38,0.695,805.0,1764.0,25
216,Magic,2010,1610612753,4067.0,0.466,0.35,0.691,837.0,1825.0,29,4068.0,0.457,0.372,0.708,799.0,1718.0,23
217,Magic,2012,1610612753,3900.0,0.453,0.358,0.75,930.0,1744.0,12,3818.0,0.444,0.287,0.771,941.0,1758.0,8
218,Magic,2013,1610612753,4105.0,0.464,0.357,0.781,892.0,1763.0,19,3809.0,0.428,0.35,0.748,834.0,1685.0,4
219,Magic,2014,1610612753,3980.0,0.455,0.345,0.75,867.0,1750.0,13,3867.0,0.452,0.351,0.723,825.0,1679.0,12
220,Magic,2015,1610612753,4285.0,0.463,0.363,0.747,1014.0,1814.0,23,4084.0,0.45,0.336,0.769,919.0,1738.0,12
221,Magic,2016,1610612753,4109.0,0.435,0.328,0.741,884.0,1815.0,16,4179.0,0.445,0.33,0.756,936.0,1726.0,13
222,Magic,2017,1610612753,4253.0,0.454,0.345,0.748,939.0,1773.0,17,4226.0,0.452,0.351,0.776,982.0,1641.0,8
223,Magic,2018,1610612753,4483.0,0.465,0.359,0.785,1031.0,1887.0,25,4317.0,0.443,0.355,0.779,1064.0,1837.0,17
224,Mavericks,2003,1610612742,4489.0,0.482,0.368,0.806,1015.0,1914.0,36,4137.0,0.439,0.326,0.789,948.0,1798.0,16
225,Mavericks,2004,1610612742,4282.0,0.459,0.348,0.796,805.0,1824.0,29,4123.0,0.458,0.367,0.781,805.0,1696.0,29
226,Mavericks,2005,1610612742,4148.0,0.471,0.407,0.779,745.0,1775.0,34,3982.0,0.455,0.344,0.792,728.0,1686.0,26
227,Mavericks,2006,1610612742,4209.0,0.478,0.401,0.805,852.0,1737.0,36,3992.0,0.46,0.362,0.81,780.0,1698.0,31
228,Mavericks,2007,1610612742,4252.0,0.48,0.387,0.82,912.0,1821.0,34,3982.0,0.451,0.324,0.806,808.0,1705.0,17
229,Mavericks,2008,1610612742,4354.0,0.48,0.378,0.826,987.0,1781.0,32,3989.0,0.446,0.33,0.818,792.0,1723.0,18
230,Mavericks,2009,1610612742,4175.0,0.461,0.366,0.823,942.0,1723.0,28,4189.0,0.469,0.376,0.81,975.0,1697.0,27
231,Mavericks,2010,1610612742,4161.0,0.483,0.359,0.782,988.0,1738.0,29,4059.0,0.468,0.37,0.768,966.0,1660.0,28
232,Mavericks,2012,1610612742,4224.0,0.47,0.375,0.777,966.0,1721.0,24,4069.0,0.455,0.357,0.807,940.0,1716.0,17
233,Mavericks,2013,1610612742,4405.0,0.48,0.381,0.791,956.0,1707.0,26,4192.0,0.469,0.382,0.787,979.0,1647.0,23
234,Mavericks,2014,1610612742,4370.0,0.472,0.343,0.756,893.0,1732.0,27,4258.0,0.455,0.355,0.757,953.0,1734.0,23
235,Mavericks,2015,1610612742,4277.0,0.452,0.348,0.811,907.0,1776.0,23,4111.0,0.437,0.338,0.775,906.0,1756.0,19
236,Mavericks,2016,1610612742,4074.0,0.443,0.358,0.819,854.0,1662.0,21,3955.0,0.438,0.353,0.775,851.0,1501.0,12
237,Mavericks,2017,1610612742,4257.0,0.445,0.36,0.769,944.0,1759.0,15,4133.0,0.446,0.362,0.758,914.0,1624.0,9
238,Mavericks,2018,1610612742,4523.0,0.453,0.344,0.742,972.0,1878.0,24,4404.0,0.442,0.339,0.741,946.0,1838.0,9
239,Nets,2003,1610612751,3793.0,0.453,0.352,0.763,1052.0,1719.0,28,3608.0,0.43,0.315,0.732,957.0,1616.0,19
240,Nets,2004,1610612751,3765.0,0.434,0.35,0.79,936.0,1645.0,24,3731.0,0.427,0.37,0.752,836.0,1597.0,18
241,Nets,2005,1610612751,3920.0,0.447,0.315,0.77,1029.0,1705.0,29,3771.0,0.434,0.334,0.743,855.0,1656.0,20
242,Nets,2006,1610612751,4077.0,0.456,0.355,0.741,1043.0,1725.0,24,3924.0,0.457,0.361,0.715,919.0,1622.0,17
243,Nets,2007,1610612751,3985.0,0.441,0.342,0.757,994.0,1773.0,21,3872.0,0.446,0.341,0.725,931.0,1660.0,13
244,Nets,2008,1610612751,4018.0,0.446,0.363,0.782,847.0,1678.0,19,4026.0,0.452,0.385,0.776,789.0,1587.0,15
245,Nets,2009,1610612751,3771.0,0.424,0.3,0.775,796.0,1680.0,8,3804.0,0.435,0.335,0.784,744.0,1575.0,4
246,Nets,2010,1610612751,3925.0,0.445,0.382,0.751,871.0,1718.0,19,3797.0,0.438,0.308,0.775,852.0,1631.0,5
247,Nets,2012,1610612751,4001.0,0.452,0.362,0.719,807.0,1773.0,26,3943.0,0.448,0.35,0.745,861.0,1734.0,23
248,Nets,2013,1610612751,4123.0,0.478,0.381,0.753,887.0,1555.0,28,3956.0,0.442,0.342,0.756,827.0,1573.0,16
249,Nets,2014,1610612751,4060.0,0.449,0.327,0.733,871.0,1760.0,19,3978.0,0.455,0.327,0.763,845.0,1713.0,19
250,Nets,2015,1610612751,4056.0,0.464,0.359,0.735,929.0,1721.0,14,4033.0,0.444,0.338,0.769,900.0,1756.0,7
251,Nets,2016,1610612751,4280.0,0.437,0.333,0.788,864.0,1847.0,13,4393.0,0.454,0.342,0.786,892.0,1753.0,7
252,Nets,2017,1610612751,4340.0,0.437,0.356,0.782,939.0,1812.0,15,4401.0,0.447,0.356,0.776,1002.0,1832.0,13
253,Nets,2018,1610612751,4667.0,0.458,0.357,0.749,989.0,1960.0,23,4537.0,0.441,0.349,0.745,965.0,1859.0,19
254,Nuggets,2003,1610612743,4121.0,0.453,0.341,0.758,1044.0,1801.0,29,3851.0,0.436,0.329,0.772,750.0,1669.0,14
255,Nuggets,2004,1610612743,4200.0,0.468,0.354,0.759,1085.0,1759.0,31,3961.0,0.451,0.319,0.76,873.0,1681.0,18
256,Nuggets,2005,1610612743,4255.0,0.467,0.332,0.727,1046.0,1802.0,26,3972.0,0.458,0.327,0.759,875.0,1587.0,18
257,Nuggets,2006,1610612743,4370.0,0.465,0.32,0.736,1017.0,1813.0,23,4269.0,0.468,0.346,0.756,903.0,1746.0,22
258,Nuggets,2007,1610612743,4631.0,0.468,0.348,0.761,1118.0,1922.0,33,4443.0,0.473,0.355,0.743,906.0,1694.0,17
259,Nuggets,2008,1610612743,4420.0,0.475,0.366,0.748,1024.0,1743.0,33,4135.0,0.465,0.369,0.769,796.0,1669.0,21
260,Nuggets,2009,1610612743,4509.0,0.477,0.355,0.762,982.0,1714.0,34,4220.0,0.458,0.358,0.78,737.0,1680.0,19
261,Nuggets,2010,1610612743,4583.0,0.487,0.381,0.758,984.0,1790.0,33,4228.0,0.464,0.379,0.773,829.0,1653.0,17
262,Nuggets,2012,1610612743,4446.0,0.487,0.363,0.709,1052.0,1857.0,38,4258.0,0.472,0.321,0.689,950.0,1836.0,19
263,Nuggets,2013,1610612743,4345.0,0.446,0.359,0.729,962.0,1923.0,22,4214.0,0.449,0.356,0.725,876.0,1803.0,14
264,Nuggets,2014,1610612743,4271.0,0.439,0.34,0.743,916.0,1878.0,19,4049.0,0.43,0.314,0.723,872.0,1787.0,11
265,Nuggets,2015,1610612743,4250.0,0.444,0.333,0.778,926.0,1820.0,18,4105.0,0.44,0.341,0.762,932.0,1839.0,15
266,Nuggets,2016,1610612743,4669.0,0.483,0.382,0.772,1143.0,1883.0,22,4492.0,0.459,0.355,0.773,934.0,1920.0,18
267,Nuggets,2017,1610612743,4576.0,0.478,0.367,0.752,1108.0,1872.0,31,4444.0,0.463,0.368,0.79,951.0,1778.0,15
268,Nuggets,2018,1610612743,4679.0,0.486,0.355,0.774,1157.0,1934.0,34,4396.0,0.448,0.344,0.753,1088.0,1870.0,20
269,Pacers,2003,1610612754,3743.0,0.427,0.346,0.767,958.0,1763.0,34,3750.0,0.445,0.348,0.751,816.0,1654.0,27
270,Pacers,2004,1610612754,3851.0,0.437,0.35,0.793,781.0,1693.0,25,3775.0,0.43,0.347,0.787,708.0,1593.0,19
271,Pacers,2005,1610612754,3943.0,0.454,0.36,0.741,860.0,1806.0,27,3756.0,0.436,0.332,0.736,771.0,1651.0,14
272,Pacers,2006,1610612754,4029.0,0.448,0.341,0.766,874.0,1759.0,22,3811.0,0.431,0.334,0.747,806.0,1672.0,13
273,Pacers,2007,1610612754,4351.0,0.443,0.391,0.778,932.0,1823.0,21,4176.0,0.445,0.363,0.756,932.0,1714.0,15
274,Pacers,2008,1610612754,4376.0,0.456,0.393,0.786,861.0,1878.0,25,4241.0,0.456,0.369,0.822,914.0,1707.0,11
275,Pacers,2009,1610612754,4217.0,0.45,0.349,0.779,867.0,1782.0,23,4046.0,0.436,0.345,0.775,863.0,1621.0,9
276,Pacers,2010,1610612754,4229.0,0.453,0.35,0.785,815.0,1861.0,24,3954.0,0.435,0.349,0.771,796.0,1710.0,13
277,Pacers,2012,1610612754,4002.0,0.44,0.377,0.743,841.0,1935.0,30,3672.0,0.435,0.32,0.756,804.0,1779.0,20
278,Pacers,2013,1610612754,4040.0,0.462,0.339,0.789,859.0,1895.0,35,3893.0,0.438,0.374,0.769,792.0,1770.0,21
279,Pacers,2014,1610612754,4036.0,0.448,0.359,0.736,879.0,1880.0,23,3945.0,0.433,0.345,0.78,878.0,1798.0,15
280,Pacers,2015,1610612754,4219.0,0.457,0.346,0.756,862.0,1825.0,26,4158.0,0.445,0.351,0.771,879.0,1801.0,19
281,Pacers,2016,1610612754,4383.0,0.474,0.375,0.808,891.0,1739.0,29,4235.0,0.458,0.368,0.804,953.0,1705.0,13
282,Pacers,2017,1610612754,4384.0,0.478,0.369,0.76,924.0,1778.0,27,4370.0,0.468,0.363,0.798,914.0,1738.0,21
283,Pacers,2018,1610612754,4456.0,0.479,0.38,0.743,1093.0,1827.0,29,4401.0,0.473,0.365,0.76,1035.0,1701.0,19
284,Pelicans,2003,1610612740,3840.0,0.431,0.34,0.738,942.0,1745.0,25,3689.0,0.411,0.301,0.764,774.0,1764.0,16
285,Pelicans,2004,1610612740,3703.0,0.429,0.291,0.771,934.0,1649.0,11,3549.0,0.401,0.314,0.777,790.0,1651.0,7
286,Pelicans,2005,1610612740,3901.0,0.453,0.335,0.764,779.0,1698.0,24,3710.0,0.429,0.353,0.753,740.0,1599.0,14
287,Pelicans,2006,1610612740,3926.0,0.446,0.38,0.739,786.0,1808.0,24,3907.0,0.448,0.349,0.753,751.0,1729.0,15
288,Pelicans,2007,1610612740,4186.0,0.473,0.366,0.765,963.0,1720.0,30,4084.0,0.458,0.398,0.77,822.0,1711.0,26
289,Pelicans,2008,1610612740,3948.0,0.463,0.347,0.808,858.0,1661.0,28,3909.0,0.452,0.364,0.806,751.0,1594.0,21
290,Pelicans,2009,1610612740,4136.0,0.466,0.374,0.775,971.0,1715.0,24,4084.0,0.466,0.349,0.766,857.0,1587.0,13
291,Pelicans,2010,1610612740,3929.0,0.47,0.354,0.745,898.0,1648.0,28,3855.0,0.449,0.371,0.787,793.0,1644.0,18
292,Pelicans,2012,1610612740,3814.0,0.449,0.36,0.752,923.0,1746.0,16,3900.0,0.449,0.357,0.807,798.0,1668.0,11
293,Pelicans,2013,1610612740,4148.0,0.465,0.382,0.778,888.0,1778.0,22,4029.0,0.455,0.363,0.765,857.0,1641.0,12
294,Pelicans,2014,1610612740,4168.0,0.469,0.374,0.751,958.0,1826.0,28,3979.0,0.448,0.369,0.745,848.0,1737.0,17
295,Pelicans,2015,1610612740,4343.0,0.459,0.392,0.785,971.0,1742.0,21,4080.0,0.439,0.324,0.774,847.0,1752.0,9
296,Pelicans,2016,1610612740,4413.0,0.456,0.343,0.765,971.0,1855.0,21,4143.0,0.446,0.351,0.73,898.0,1727.0,13
297,Pelicans,2017,1610612740,4647.0,0.498,0.348,0.79,1160.0,1778.0,24,4611.0,0.471,0.37,0.757,1061.0,1906.0,24
298,Pelicans,2018,1610612740,4720.0,0.472,0.339,0.758,1113.0,1919.0,19,4746.0,0.477,0.35,0.757,1103.0,1959.0,14
299,Pistons,2003,1610612765,3752.0,0.444,0.357,0.732,925.0,1799.0,31,3636.0,0.428,0.324,0.776,777.0,1707.0,23
300,Pistons,2004,1610612765,3814.0,0.434,0.338,0.761,916.0,1856.0,32,3839.0,0.456,0.355,0.717,871.0,1705.0,22
301,Pistons,2005,1610612765,4082.0,0.461,0.378,0.733,1030.0,1749.0,37,3859.0,0.451,0.399,0.719,941.0,1573.0,27
302,Pistons,2006,1610612765,3968.0,0.456,0.355,0.785,928.0,1635.0,26,3904.0,0.455,0.332,0.754,840.0,1687.0,27
303,Pistons,2007,1610612765,4092.0,0.469,0.364,0.758,996.0,1738.0,34,3900.0,0.448,0.369,0.78,835.0,1659.0,25
304,Pistons,2008,1610612765,3878.0,0.463,0.326,0.739,878.0,1685.0,21,3849.0,0.448,0.358,0.744,811.0,1712.0,18
305,Pistons,2009,1610612765,3831.0,0.439,0.282,0.748,832.0,1685.0,17,3878.0,0.454,0.329,0.709,759.0,1610.0,10
306,Pistons,2010,1610612765,4134.0,0.477,0.387,0.762,928.0,1589.0,21,3817.0,0.444,0.353,0.72,802.0,1578.0,9
307,Pistons,2012,1610612765,3928.0,0.461,0.359,0.698,895.0,1741.0,18,3850.0,0.441,0.348,0.705,847.0,1713.0,11
308,Pistons,2013,1610612765,4146.0,0.453,0.291,0.668,905.0,1855.0,17,4140.0,0.442,0.334,0.669,809.0,1866.0,12
309,Pistons,2014,1610612765,4150.0,0.441,0.357,0.707,950.0,1802.0,18,3927.0,0.425,0.322,0.699,821.0,1879.0,14
310,Pistons,2015,1610612765,4307.0,0.451,0.354,0.705,852.0,1948.0,26,4054.0,0.43,0.334,0.645,742.0,1850.0,18
311,Pistons,2016,1610612765,4222.0,0.454,0.347,0.714,938.0,1934.0,24,4087.0,0.444,0.306,0.73,794.0,1812.0,13
312,Pistons,2017,1610612765,4335.0,0.459,0.378,0.74,973.0,1845.0,25,4174.0,0.441,0.366,0.743,895.0,1741.0,14
313,Pistons,2018,1610612765,4455.0,0.45,0.345,0.746,959.0,1896.0,26,4323.0,0.432,0.347,0.76,886.0,1792.0,15
314,Raptors,2003,1610612761,3582.0,0.427,0.33,0.742,810.0,1641.0,18,3424.0,0.408,0.367,0.752,764.0,1608.0,15
315,Raptors,2004,1610612761,4163.0,0.451,0.412,0.77,874.0,1641.0,22,4015.0,0.438,0.358,0.77,796.0,1647.0,11
316,Raptors,2005,1610612761,4220.0,0.456,0.364,0.803,813.0,1624.0,15,4067.0,0.454,0.377,0.778,780.0,1531.0,12
317,Raptors,2006,1610612761,4191.0,0.479,0.387,0.778,966.0,1653.0,30,3966.0,0.449,0.326,0.794,856.0,1582.0,17
318,Raptors,2007,1610612761,4188.0,0.476,0.404,0.826,994.0,1678.0,25,4027.0,0.463,0.375,0.808,959.0,1608.0,16
319,Raptors,2008,1610612761,4168.0,0.471,0.39,0.849,945.0,1652.0,18,3953.0,0.448,0.36,0.799,890.0,1663.0,15
320,Raptors,2009,1610612761,4286.0,0.482,0.348,0.758,905.0,1719.0,25,4248.0,0.487,0.396,0.764,899.0,1594.0,15
321,Raptors,2010,1610612761,4110.0,0.483,0.296,0.754,940.0,1622.0,16,4014.0,0.452,0.321,0.753,855.0,1684.0,6
322,Raptors,2012,1610612761,3968.0,0.445,0.337,0.772,896.0,1664.0,21,4003.0,0.446,0.336,0.798,869.0,1633.0,13
323,Raptors,2013,1610612761,4241.0,0.447,0.373,0.791,894.0,1771.0,26,4064.0,0.447,0.368,0.769,843.0,1716.0,22
324,Raptors,2014,1610612761,4211.0,0.46,0.359,0.788,887.0,1724.0,27,4316.0,0.451,0.343,0.792,814.0,1683.0,22
325,Raptors,2015,1610612761,4303.0,0.461,0.377,0.776,774.0,1775.0,32,4119.0,0.444,0.355,0.781,762.0,1785.0,24
326,Raptors,2016,1610612761,4547.0,0.476,0.391,0.808,789.0,1818.0,28,4215.0,0.455,0.338,0.784,728.0,1729.0,23
327,Raptors,2017,1610612761,4713.0,0.472,0.367,0.778,1033.0,1877.0,35,4557.0,0.475,0.352,0.799,988.0,1768.0,25
328,Raptors,2018,1610612761,4721.0,0.48,0.365,0.808,1058.0,1835.0,32,4663.0,0.472,0.365,0.809,1027.0,1871.0,26
329,Rockets,2003,1610612745,3726.0,0.451,0.36,0.748,840.0,1789.0,27,3636.0,0.434,0.371,0.798,739.0,1705.0,18
330,Rockets,2004,1610612745,3810.0,0.437,0.353,0.752,895.0,1756.0,26,3986.0,0.451,0.378,0.819,838.0,1719.0,25
331,Rockets,2005,1610612745,3665.0,0.428,0.296,0.75,793.0,1748.0,15,3722.0,0.439,0.36,0.759,787.0,1666.0,19
332,Rockets,2006,1610612745,3991.0,0.451,0.376,0.736,876.0,1778.0,28,3962.0,0.441,0.365,0.774,828.0,1775.0,24
333,Rockets,2007,1610612745,4012.0,0.454,0.341,0.703,928.0,1865.0,31,3919.0,0.444,0.336,0.747,829.0,1796.0,24
334,Rockets,2008,1610612745,4094.0,0.457,0.371,0.811,867.0,1834.0,33,3976.0,0.451,0.377,0.801,795.0,1690.0,20
335,Rockets,2009,1610612745,4238.0,0.458,0.346,0.75,915.0,1707.0,23,4157.0,0.439,0.358,0.798,875.0,1735.0,19
336,Rockets,2010,1610612745,4334.0,0.452,0.347,0.799,968.0,1818.0,25,4351.0,0.459,0.386,0.806,987.0,1693.0,18
337,Rockets,2012,1610612745,4441.0,0.469,0.372,0.761,974.0,1821.0,29,4247.0,0.453,0.36,0.749,928.0,1740.0,16
338,Rockets,2013,1610612745,4479.0,0.479,0.359,0.719,883.0,1909.0,33,4350.0,0.468,0.354,0.709,872.0,1808.0,21
339,Rockets,2014,1610612745,4246.0,0.442,0.353,0.723,915.0,1795.0,30,4276.0,0.447,0.344,0.713,905.0,1787.0,26
340,Rockets,2015,1610612745,4357.0,0.454,0.355,0.696,936.0,1786.0,23,4380.0,0.451,0.341,0.703,885.0,1745.0,18
341,Rockets,2016,1610612745,4805.0,0.464,0.356,0.754,1076.0,1854.0,30,4653.0,0.463,0.356,0.776,994.0,1784.0,25
342,Rockets,2017,1610612745,4794.0,0.464,0.357,0.765,934.0,1856.0,35,4523.0,0.457,0.369,0.793,848.0,1745.0,31
343,Rockets,2018,1610612745,4788.0,0.454,0.36,0.782,887.0,1750.0,31,4553.0,0.448,0.347,0.802,854.0,1699.0,22
344,Spurs,2003,1610612759,3865.0,0.455,0.37,0.684,859.0,1852.0,33,3636.0,0.429,0.347,0.678,817.0,1846.0,24
345,Spurs,2004,1610612759,3974.0,0.474,0.397,0.723,919.0,1752.0,38,3914.0,0.435,0.33,0.731,852.0,1724.0,21
346,Spurs,2005,1610612759,3954.0,0.477,0.372,0.678,878.0,1768.0,34,3883.0,0.467,0.383,0.721,839.0,1631.0,29
347,Spurs,2006,1610612759,4038.0,0.477,0.362,0.732,914.0,1718.0,31,4041.0,0.475,0.391,0.784,900.0,1620.0,27
348,Spurs,2007,1610612759,4015.0,0.468,0.381,0.762,920.0,1726.0,34,3805.0,0.447,0.357,0.753,798.0,1657.0,22
349,Spurs,2008,1610612759,4013.0,0.481,0.4,0.735,893.0,1649.0,28,3945.0,0.451,0.38,0.792,843.0,1717.0,26
350,Spurs,2009,1610612759,4324.0,0.493,0.395,0.737,998.0,1746.0,29,3988.0,0.456,0.336,0.745,831.0,1762.0,21
351,Spurs,2010,1610612759,4344.0,0.49,0.421,0.763,988.0,1718.0,36,4158.0,0.463,0.37,0.759,848.0,1714.0,25
352,Spurs,2012,1610612759,4289.0,0.499,0.388,0.792,1082.0,1729.0,35,4159.0,0.466,0.366,0.786,976.0,1658.0,23
353,Spurs,2013,1610612759,4360.0,0.5,0.422,0.777,1103.0,1769.0,32,4279.0,0.475,0.372,0.784,961.0,1779.0,30
354,Spurs,2014,1610612759,4404.0,0.49,0.389,0.765,1062.0,1813.0,33,4057.0,0.449,0.334,0.798,938.0,1765.0,22
355,Spurs,2015,1610612759,4311.0,0.488,0.386,0.806,1048.0,1845.0,40,4179.0,0.481,0.373,0.81,962.0,1756.0,27
356,Spurs,2016,1610612759,4331.0,0.473,0.404,0.789,1044.0,1788.0,31,4306.0,0.468,0.384,0.805,910.0,1810.0,30
357,Spurs,2017,1610612759,4325.0,0.474,0.36,0.805,967.0,1820.0,33,4191.0,0.441,0.346,0.752,920.0,1836.0,13
358,Spurs,2018,1610612759,4625.0,0.487,0.422,0.815,1032.0,1851.0,32,4531.0,0.472,0.372,0.824,981.0,1816.0,16
359,Suns,2003,1610612756,3926.0,0.453,0.369,0.736,760.0,1673.0,18,3797.0,0.436,0.312,0.751,826.0,1657.0,11
360,Suns,2004,1610612756,4565.0,0.48,0.384,0.757,970.0,1838.0,31,4489.0,0.477,0.398,0.735,957.0,1781.0,31
361,Suns,2005,1610612756,4491.0,0.489,0.414,0.813,1059.0,1718.0,31,4395.0,0.471,0.38,0.8,1120.0,1710.0,23
362,Suns,2006,1610612756,4493.0,0.494,0.395,0.815,1016.0,1709.0,33,4544.0,0.496,0.406,0.791,1106.0,1611.0,28
363,Suns,2007,1610612756,4606.0,0.5,0.382,0.786,1042.0,1744.0,30,4420.0,0.501,0.393,0.789,1146.0,1659.0,25
364,Suns,2008,1610612756,4620.0,0.52,0.405,0.741,934.0,1763.0,28,4354.0,0.489,0.365,0.742,971.0,1657.0,18
365,Suns,2009,1610612756,4617.0,0.499,0.413,0.785,940.0,1790.0,32,4422.0,0.487,0.406,0.75,972.0,1736.0,22
366,Suns,2010,1610612756,4324.0,0.47,0.382,0.753,965.0,1689.0,23,4287.0,0.472,0.356,0.775,980.0,1610.0,17
367,Suns,2012,1610612756,3878.0,0.438,0.33,0.739,893.0,1724.0,17,3927.0,0.45,0.327,0.752,962.0,1689.0,8
368,Suns,2013,1610612756,4434.0,0.477,0.386,0.751,766.0,1770.0,26,4195.0,0.453,0.365,0.752,797.0,1759.0,22
369,Suns,2014,1610612756,4209.0,0.458,0.346,0.755,817.0,1763.0,22,4188.0,0.446,0.329,0.762,842.0,1776.0,17
370,Suns,2015,1610612756,4227.0,0.44,0.353,0.74,847.0,1890.0,14,4044.0,0.431,0.335,0.753,854.0,1786.0,9
371,Suns,2016,1610612756,4497.0,0.458,0.34,0.787,821.0,1914.0,15,4334.0,0.446,0.326,0.765,783.0,1774.0,9
372,Suns,2017,1610612756,4230.0,0.441,0.323,0.728,818.0,1815.0,10,4292.0,0.446,0.348,0.748,925.0,1803.0,11
373,Suns,2018,1610612756,4410.0,0.467,0.344,0.768,1004.0,1639.0,12,4405.0,0.452,0.311,0.789,953.0,1672.0,7
374,Thunder,2003,1610612760,4009.0,0.447,0.374,0.754,902.0,1616.0,21,3955.0,0.444,0.373,0.77,880.0,1609.0,16
375,Thunder,2004,1610612760,4169.0,0.453,0.368,0.789,780.0,1689.0,26,3944.0,0.438,0.365,0.784,707.0,1663.0,26
376,Thunder,2005,1610612760,4309.0,0.467,0.379,0.807,896.0,1641.0,22,4102.0,0.451,0.364,0.753,800.0,1605.0,13
377,Thunder,2006,1610612760,4078.0,0.457,0.352,0.791,861.0,1642.0,20,4052.0,0.464,0.359,0.787,834.0,1608.0,11
378,Thunder,2007,1610612760,4052.0,0.451,0.327,0.784,876.0,1817.0,13,3947.0,0.441,0.324,0.749,872.0,1842.0,7
379,Thunder,2008,1610612760,3900.0,0.454,0.355,0.761,818.0,1769.0,15,4052.0,0.442,0.327,0.807,845.0,1727.0,8
380,Thunder,2009,1610612760,4168.0,0.477,0.336,0.796,820.0,1753.0,27,4154.0,0.449,0.342,0.817,819.0,1814.0,23
381,Thunder,2010,1610612760,4390.0,0.474,0.362,0.817,886.0,1744.0,30,4206.0,0.458,0.337,0.827,786.0,1763.0,25
382,Thunder,2012,1610612760,4448.0,0.495,0.414,0.836,924.0,1791.0,34,4221.0,0.467,0.339,0.822,829.0,1788.0,26
383,Thunder,2013,1610612760,4416.0,0.484,0.379,0.789,952.0,1863.0,34,4289.0,0.461,0.35,0.819,842.0,1805.0,25
384,Thunder,2014,1610612760,4382.0,0.455,0.339,0.758,869.0,1994.0,29,4142.0,0.441,0.333,0.724,812.0,1902.0,16
385,Thunder,2015,1610612760,4491.0,0.478,0.342,0.777,965.0,1981.0,32,4547.0,0.475,0.358,0.795,918.0,2006.0,23
386,Thunder,2016,1610612760,4491.0,0.47,0.342,0.745,890.0,1917.0,28,4250.0,0.434,0.311,0.75,831.0,1906.0,19
387,Thunder,2017,1610612760,4584.0,0.465,0.349,0.732,873.0,1901.0,28,4376.0,0.442,0.359,0.7,893.0,1840.0,21
388,Thunder,2018,1610612760,4694.0,0.454,0.363,0.713,989.0,1944.0,27,4693.0,0.456,0.34,0.715,928.0,1998.0,22
389,Timberwolves,2003,1610612750,3919.0,0.47,0.352,0.778,1050.0,1800.0,31,3834.0,0.454,0.371,0.789,840.0,1720.0,27
390,Timberwolves,2004,1610612750,4011.0,0.462,0.354,0.795,1023.0,1738.0,24,3923.0,0.458,0.344,0.796,895.0,1789.0,20
391,Timberwolves,2005,1610612750,3876.0,0.463,0.326,0.758,943.0,1684.0,24,3646.0,0.451,0.327,0.758,773.0,1549.0,9
392,Timberwolves,2006,1610612750,4016.0,0.464,0.352,0.792,961.0,1687.0,20,3861.0,0.46,0.358,0.795,887.0,1606.0,12
393,Timberwolves,2007,1610612750,3962.0,0.457,0.351,0.737,840.0,1728.0,15,3877.0,0.447,0.34,0.735,790.0,1664.0,7
394,Timberwolves,2008,1610612750,4028.0,0.442,0.322,0.751,836.0,1695.0,11,3991.0,0.442,0.372,0.793,838.0,1722.0,13
395,Timberwolves,2009,1610612750,4000.0,0.458,0.327,0.726,847.0,1787.0,10,4051.0,0.443,0.349,0.764,779.0,1731.0,5
396,Timberwolves,2010,1610612750,4178.0,0.44,0.396,0.773,855.0,1844.0,12,4110.0,0.442,0.354,0.769,795.0,1797.0,5
397,Timberwolves,2012,1610612750,3938.0,0.441,0.296,0.731,893.0,1734.0,20,3913.0,0.441,0.305,0.755,943.0,1712.0,11
398,Timberwolves,2013,1610612750,4429.0,0.451,0.336,0.79,990.0,1861.0,24,4339.0,0.441,0.34,0.772,973.0,1807.0,16
399,Timberwolves,2014,1610612750,3979.0,0.437,0.322,0.774,877.0,1689.0,9,4037.0,0.44,0.329,0.773,894.0,1666.0,7
400,Timberwolves,2015,1610612750,4162.0,0.463,0.333,0.786,944.0,1702.0,14,4236.0,0.466,0.338,0.804,972.0,1706.0,15
401,Timberwolves,2016,1610612750,4370.0,0.475,0.366,0.794,1004.0,1756.0,20,4287.0,0.461,0.327,0.802,936.0,1722.0,11
402,Timberwolves,2017,1610612750,4569.0,0.482,0.364,0.786,988.0,1762.0,30,4512.0,0.472,0.352,0.819,895.0,1726.0,16
403,Timberwolves,2018,1610612750,4700.0,0.464,0.36,0.785,1041.0,1888.0,25,4523.0,0.451,0.351,0.788,977.0,1785.0,11
404,Trail Blazers,2003,1610612757,3815.0,0.456,0.341,0.733,971.0,1710.0,25,3625.0,0.442,0.346,0.736,797.0,1706.0,16
405,Trail Blazers,2004,1610612757,3895.0,0.463,0.358,0.734,893.0,1675.0,18,3726.0,0.441,0.35,0.715,829.0,1699.0,9
406,Trail Blazers,2005,1610612757,3764.0,0.457,0.35,0.689,785.0,1571.0,15,3521.0,0.436,0.325,0.682,705.0,1518.0,6
407,Trail Blazers,2006,1610612757,3926.0,0.456,0.348,0.774,801.0,1623.0,18,3791.0,0.445,0.336,0.763,712.0,1599.0,14
408,Trail Blazers,2007,1610612757,4010.0,0.462,0.393,0.767,958.0,1676.0,28,3810.0,0.438,0.358,0.764,775.0,1663.0,13
409,Trail Blazers,2008,1610612757,4254.0,0.476,0.38,0.775,907.0,1763.0,34,3899.0,0.455,0.387,0.759,760.0,1657.0,20
410,Trail Blazers,2009,1610612757,4032.0,0.461,0.358,0.769,872.0,1691.0,26,4013.0,0.463,0.343,0.815,802.0,1605.0,24
411,Trail Blazers,2010,1610612757,4038.0,0.455,0.336,0.809,877.0,1630.0,30,3858.0,0.444,0.356,0.787,859.0,1596.0,18
412,Trail Blazers,2012,1610612757,4066.0,0.454,0.342,0.782,906.0,1700.0,22,3929.0,0.444,0.36,0.767,878.0,1648.0,11
413,Trail Blazers,2013,1610612757,4414.0,0.46,0.364,0.827,976.0,1926.0,31,4339.0,0.44,0.378,0.803,928.0,1882.0,23
414,Trail Blazers,2014,1610612757,4268.0,0.452,0.37,0.804,935.0,1940.0,32,4161.0,0.451,0.353,0.801,864.0,1820.0,19
415,Trail Blazers,2015,1610612757,4430.0,0.462,0.379,0.758,948.0,1906.0,28,4192.0,0.439,0.359,0.745,800.0,1824.0,16
416,Trail Blazers,2016,1610612757,4507.0,0.471,0.387,0.753,905.0,1799.0,25,4344.0,0.45,0.364,0.806,828.0,1781.0,16
417,Trail Blazers,2017,1610612757,4474.0,0.458,0.373,0.815,844.0,1906.0,28,4282.0,0.447,0.36,0.794,772.0,1874.0,21
418,Trail Blazers,2018,1610612757,4846.0,0.481,0.373,0.801,975.0,2011.0,32,4556.0,0.457,0.351,0.824,912.0,1924.0,21
419,Warriors,2003,1610612744,3969.0,0.451,0.326,0.727,865.0,1897.0,27,3680.0,0.434,0.333,0.719,816.0,1638.0,10
420,Warriors,2004,1610612744,4185.0,0.437,0.33,0.715,963.0,1807.0,20,3909.0,0.425,0.354,0.724,848.0,1698.0,14
421,Warriors,2005,1610612744,4100.0,0.444,0.331,0.711,922.0,1776.0,21,3976.0,0.424,0.351,0.728,772.0,1689.0,13
422,Warriors,2006,1610612744,4512.0,0.482,0.367,0.702,1089.0,1735.0,30,4225.0,0.446,0.337,0.728,861.0,1661.0,12
423,Warriors,2007,1610612744,4668.0,0.468,0.352,0.744,989.0,1818.0,27,4437.0,0.453,0.349,0.771,844.0,1723.0,21
424,Warriors,2008,1610612744,4667.0,0.476,0.374,0.803,918.0,1728.0,21,4238.0,0.443,0.362,0.773,793.0,1717.0,8
425,Warriors,2009,1610612744,4592.0,0.474,0.386,0.788,1000.0,1653.0,18,4330.0,0.467,0.357,0.771,839.0,1497.0,8
426,Warriors,2010,1610612744,4343.0,0.474,0.391,0.77,1019.0,1637.0,26,4134.0,0.45,0.378,0.74,828.0,1688.0,10
427,Warriors,2012,1610612744,4173.0,0.467,0.405,0.78,976.0,1882.0,28,4123.0,0.45,0.395,0.805,869.0,1804.0,19
428,Warriors,2013,1610612744,4295.0,0.467,0.377,0.78,995.0,1901.0,27,4254.0,0.458,0.381,0.732,917.0,1814.0,24
429,Warriors,2014,1610612744,4646.0,0.498,0.413,0.769,1206.0,1813.0,39,4370.0,0.461,0.383,0.766,1042.0,1854.0,28
430,Warriors,2015,1610612744,4767.0,0.494,0.412,0.792,1218.0,1930.0,39,4654.0,0.483,0.416,0.744,1155.0,1858.0,34
431,Warriors,2016,1610612744,4872.0,0.513,0.419,0.77,1314.0,1881.0,36,4631.0,0.479,0.352,0.799,1177.0,1762.0,31
432,Warriors,2017,1610612744,4751.0,0.512,0.407,0.823,1274.0,1834.0,30,4666.0,0.496,0.372,0.801,1160.0,1785.0,29
433,Warriors,2018,1610612744,4844.0,0.493,0.38,0.792,1258.0,1889.0,30,4806.0,0.49,0.389,0.815,1155.0,1898.0,27
434,Wizards,2003,1610612764,3840.0,0.427,0.358,0.733,798.0,1792.0,17,3688.0,0.415,0.305,0.709,739.0,1715.0,8
435,Wizards,2004,1610612764,4231.0,0.443,0.342,0.729,803.0,1810.0,29,4010.0,0.431,0.347,0.719,760.0,1697.0,16
436,Wizards,2005,1610612764,4246.0,0.459,0.362,0.76,786.0,1714.0,27,4090.0,0.438,0.357,0.745,737.0,1665.0,15
437,Wizards,2006,1610612764,4327.0,0.458,0.347,0.758,877.0,1679.0,26,4229.0,0.442,0.344,0.764,783.0,1698.0,15
438,Wizards,2007,1610612764,4119.0,0.459,0.364,0.785,846.0,1708.0,25,3985.0,0.434,0.338,0.781,761.0,1703.0,18
439,Wizards,2008,1610612764,3993.0,0.452,0.337,0.775,877.0,1672.0,13,3884.0,0.449,0.309,0.753,764.0,1614.0,6
440,Wizards,2009,1610612764,4021.0,0.458,0.352,0.765,833.0,1722.0,15,3871.0,0.442,0.346,0.752,724.0,1702.0,11
441,Wizards,2010,1610612764,4030.0,0.447,0.334,0.744,838.0,1757.0,20,3947.0,0.438,0.319,0.739,754.0,1630.0,3
442,Wizards,2012,1610612764,4013.0,0.453,0.391,0.747,922.0,1788.0,22,3631.0,0.419,0.342,0.734,853.0,1751.0,7
443,Wizards,2013,1610612764,4114.0,0.466,0.363,0.752,958.0,1698.0,22,4140.0,0.456,0.39,0.71,951.0,1761.0,22
444,Wizards,2014,1610612764,4195.0,0.474,0.388,0.747,1029.0,1876.0,29,3885.0,0.455,0.336,0.731,940.0,1787.0,17
445,Wizards,2015,1610612764,4347.0,0.466,0.366,0.744,1034.0,1730.0,22,4187.0,0.456,0.35,0.723,971.0,1701.0,19
446,Wizards,2016,1610612764,4527.0,0.484,0.405,0.805,1017.0,1752.0,30,4426.0,0.468,0.343,0.769,939.0,1762.0,19
447,Wizards,2017,1610612764,4448.0,0.48,0.384,0.78,1034.0,1820.0,23,4400.0,0.456,0.363,0.772,1060.0,1751.0,19
448,Wizards,2018,1610612764,4773.0,0.481,0.344,0.756,1094.0,1775.0,22,4577.0,0.456,0.335,0.774,1060.0,1698.0,10
