,TEAM_NAME,2pointer_PCT_AVG,3pointer_PCT_AVG,FreeThrow_PCT_AVG,Assists_AVG,Rebounds_AVG,WINS,Year,Attendance
0,76ers,42.980769230769226,32.35128205128205,76.10384615384615,19.807692307692307,41.98717948717949,32,2004,788.128
1,76ers,44.951673284174696,36.38859897901304,78.277311401021,20.970221213840045,41.66817923993193,45,2005,732.686
2,76ers,45.49186186186186,35.457807807807804,75.37303303303302,19.940840840840842,39.213813813813815,31,2006,677.278
3,76ers,45.77129847238543,33.759929494712104,75.14106933019976,20.41950646298472,41.03378378378378,41,2007,608.603
4,76ers,45.94190476190476,29.983511904761905,71.11017857142858,20.48095238095238,42.58095238095238,39,2008,609.675
5,76ers,46.2555523255814,33.35308139534883,75.6735465116279,20.063662790697673,40.05639534883721,37,2009,647.898
6,76ers,46.16306620209058,34.41556329849013,74.25397793263646,21.5993031358885,41.58246225319397,31,2010,583.219
7,76ers,47.1497150997151,36.36175213675214,78.02998575498574,23.364672364672366,41.9059829059829,30,2011,604.823
8,76ers,44.41303339517625,35.07720315398887,73.74981447124304,21.787801484230055,42.39100185528757,47,2012,577.597
9,76ers,44.702743902439025,34.852408536585365,71.9722256097561,23.359756097560975,42.740243902439026,29,2013,685.412
10,76ers,42.45702380952381,29.774464285714288,69.67791666666668,20.68154761904762,41.522619047619045,14,2014,568.632
11,76ers,41.36032608695652,32.52038043478261,68.38934782608696,20.27391304347826,42.88695652173913,17,2015,571.572
12,76ers,43.97230818826563,35.30931656995486,71.55460992907801,22.927788523533202,41.2862669245648,15,2016,610.121
13,76ers,45.277686403508774,33.70010964912281,77.1326754385965,25.39035087719298,44.899671052631575,37,2017,710.557
14,76ers,47.33632478632479,36.837264957264956,76.49367521367522,27.27777777777778,47.21623931623932,59,2018,833.503
15,76ers,47.42051829268292,36.49692073170732,75.7059756097561,26.801829268292686,47.23079268292683,51,2019,838.092
16,76ers,45.75289855072464,35.94873188405797,75.85561594202899,24.782608695652172,46.04257246376811,27,2020,639.491
17,76ers,47.911497326203204,37.871702317290556,76.61078431372549,23.783422459893046,44.796345811051694,45,2021,846.867
18,Bucks,44.78672086720867,35.87320460704607,77.48672086720867,21.98238482384824,41.929539295392956,35,2004,690.18
19,Bucks,45.40075493612079,35.61315331010453,75.44477351916376,20.940766550522646,41.795296167247386,37,2005,637.009
20,Bucks,46.62163043478261,35.815,74.95114130434783,22.38478260869565,39.58152173913044,40,2006,681.337
21,Bucks,45.46365853658536,35.41112804878049,72.69146341463414,21.151524390243903,40.06524390243902,23,2007,663.629
22,Bucks,44.398337028824834,34.185698447893564,75.06956762749446,21.233924611973393,42.64606430155211,30,2008,639.421
23,Bucks,44.181753246753246,36.5202922077922,76.05568181818182,22.100324675324675,39.990584415584415,31,2009,630.976
24,Bucks,43.00041741204532,34.56559332140727,75.76747167561122,19.712283840190818,42.936195587358384,46,2010,619.453
25,Bucks,44.257294429708224,34.199999999999996,76.34084880636604,19.907824933687003,40.21949602122016,25,2011,631.91
26,Bucks,43.94456521739131,34.03260869565218,77.1,22.945652173913043,42.54347826086956,45,2012,485.717
27,Bucks,43.191123085649465,35.77853091321611,73.97878615995462,22.432501418037436,43.485819625638115,29,2013,616.469
28,Bucks,45.60837606837607,36.614273504273505,74.87649572649573,22.24957264957265,40.904273504273505,25,2014,552.967
29,Bucks,45.82686046511628,36.1080523255814,75.2452034883721,23.773546511627906,41.80174418604651,37,2015,611.226
30,Bucks,47.34374607165305,34.469264613450655,73.83909490886235,23.677561282212444,43.027341294783156,36,2016,621.808
31,Bucks,47.833333333333336,36.62380952380952,76.94166666666666,23.297619047619047,38.535714285714285,45,2017,648.952
32,Bucks,47.50595238095238,35.49880952380952,78.56071428571428,24.666666666666664,44.52380952380952,50,2018,685.303
33,Bucks,48.22833333333333,36.07178571428571,75.45636904761905,26.09285714285714,50.50416666666666,65,2019,721.692
34,Bucks,47.477248677248674,36.67830687830688,75.8037037037037,25.59259259259259,51.383597883597886,32,2020,549.036
35,Bucks,48.78758928571428,38.275848214285716,75.84794642857142,25.46607142857143,47.95401785714286,44,2021,715.581
36,Bulls,42.074392712550605,33.80188933873144,71.6502024291498,21.63798920377868,43.345816464237515,23,2004,809.177
37,Bulls,44.07180555555556,37.58916666666667,74.26152777777777,21.672222222222224,43.044444444444444,50,2005,828.384
38,Bulls,45.56147727272727,36.70090909090909,73.91420454545454,21.997727272727275,43.25113636363636,48,2006,868.72
39,Bulls,43.9453095684803,37.60196998123827,75.05853658536586,22.067854909318324,44.17823639774859,41,2007,912.364
40,Bulls,44.61313747228382,38.32475055432372,77.02003880266075,21.492239467849224,42.49972283813747,36,2008,901.502
41,Bulls,45.236423632935264,35.30238843494657,78.07611565053425,21.048082966687616,43.074795725958516,40,2009,847.903
42,Bulls,46.32918118466899,35.14581881533101,73.50490708478515,21.55952380952381,44.49245063879211,49,2010,849.76
43,Bulls,46.24866666666666,36.230999999999995,76.43100000000001,22.48,43.980000000000004,44,2011,893.462
44,Bulls,44.841170731707315,36.66321951219512,74.31441463414635,22.911707317073173,45.653414634146344,63,2012,731.326
45,Bulls,43.32400584795322,34.266257309941516,76.61643274853802,22.611988304093565,43.75555555555556,41,2013,896.944
46,Bulls,44.466222348269994,35.96633579126489,77.79622802041975,22.85791264889393,44.55445263754963,58,2014,890.37
47,Bulls,43.498571428571424,35.272380952380956,77.69777777777777,21.825396825396822,46.80634920634921,46,2015,875.091
48,Bulls,44.42831521739131,34.56711956521738,80.22777173913043,22.333695652173912,46.01086956521739,40,2016,894.659
49,Bulls,44.481622234827,35.565456608054454,77.41474758933636,23.63698241633579,45.09075439591605,38,2017,888.882
50,Bulls,43.92822299651568,35.06939605110336,77.43429152148664,22.57897793263647,43.33130081300813,24,2018,851.824
51,Bulls,44.99281129653402,35.51915917843389,77.70811938382542,22.604300385109113,43.82381258023106,25,2019,823.475
52,Bulls,46.37464985994397,34.19663865546219,75.2624649859944,23.719887955182074,40.15126050420168,11,2020,639.352
53,Bulls,47.876960784313724,36.51327985739751,79.15436720142603,26.807486631016044,45.11140819964349,29,2021,856.148
54,Cavaliers,43.9199358974359,32.96179487179487,77.0611858974359,22.08044871794872,43.525,42,2004,749.79
55,Cavaliers,44.960312117503065,32.774602203182376,74.78791309669522,21.094859241126073,42.42564259485924,43,2005,784.249
56,Cavaliers,44.98916957026713,34.419744483159114,70.11332752613241,19.519163763066203,42.951800232288036,49,2006,792.391
57,Cavaliers,44.35666666666667,33.645384615384614,70.19863247863248,20.44102564102564,43.536752136752135,47,2007,837.883
58,Cavaliers,45.52972570065593,35.09576624925462,73.4556648777579,20.558139534883722,43.916517590936195,57,2008,839.074
59,Cavaliers,47.277499999999996,42.41569444444444,74.47805555555556,20.697222222222223,42.25833333333334,66,2009,820.439
60,Cavaliers,46.275422138836774,34.92808005003127,72.47051282051282,22.136335209505944,41.51219512195122,43,2010,843.042
61,Cavaliers,44.19358974358975,34.08796296296296,74.54615384615386,21.055555555555557,40.77350427350427,12,2011,824.595
62,Cavaliers,42.00911111111111,34.58377777777778,72.66533333333334,19.686666666666667,42.16111111111111,27,2012,525.577
63,Cavaliers,43.86291309669522,34.38647490820074,76.15354957160343,20.444614443084454,41.57986536107711,27,2013,663.882
64,Cavaliers,44.93566433566434,35.3483682983683,75.25119463869463,22.41899766899767,43.03496503496503,41,2014,710.522
65,Cavaliers,45.606788183532366,36.71253928346951,73.0718101822753,22.110622250157135,44.489943431803894,56,2015,843.042
66,Cavaliers,46.55314645308925,38.1158466819222,75.88615560640733,22.59725400457666,44.1487414187643,61,2016,843.042
67,Cavaliers,47.80494565217391,37.618206521739125,76.68760869565217,23.119565217391305,42.80652173913043,50,2017,843.042
68,Cavaliers,46.06428571428572,35.42023809523809,76.28452380952382,21.785714285714285,42.96428571428571,34,2018,843.042
69,Cavaliers,44.58461538461538,34.71666666666666,77.42692307692307,21.294871794871796,42.96153846153846,21,2019,793.337
70,Cavaliers,47.3264880952381,36.470238095238095,74.21041666666667,25.157738095238095,44.07440476190476,12,2020,623.576
71,Cavaliers,44.91368092691622,33.20975935828877,74.7184046345811,23.566399286987522,42.48083778966132,19,2021,758.228
72,Celtics,44.98806855636124,32.65382333553065,76.36921555702042,20.167106130520764,40.07020435069215,33,2004,664.248
73,Celtics,47.24502087060226,36.418694096601065,75.34916517590938,22.33691115086464,40.309183064997015,44,2005,656.081
74,Celtics,46.18160714285714,36.46464285714286,75.77815476190476,20.423809523809524,40.28333333333333,31,2006,692.873
75,Celtics,45.18208333333333,37.27630952380952,76.81369047619047,20.61488095238095,40.65119047619048,40,2007,690.576
76,Celtics,47.90865800865801,36.79231601731602,76.77667748917749,22.117424242424242,42.36796536796537,68,2008,763.584
77,Celtics,48.81071653048397,38.07105593966059,75.95688246385922,23.74198617221873,40.63639220615965,57,2009,763.584
78,Celtics,48.959761904761905,35.577083333333334,74.59875,23.648809523809526,38.61845238095238,51,2010,744.961
79,Celtics,47.88029100529101,36.418783068783064,77.39980158730158,22.78505291005291,38.12698412698413,33,2011,763.584
80,Celtics,46.17934782608696,35.517391304347825,78.83260869565217,23.48913043478261,38.902173913043484,52,2012,614.592
81,Celtics,46.197435897435895,35.4283542039356,76.95333929636257,21.145497912939774,40.49314251639833,40,2013,744.96
82,Celtics,43.91829268292683,32.0161038148843,78.03599124452782,23.527204502814257,43.27360850531582,23,2014,742.4
83,Celtics,43.51976164079822,32.84016075388026,76.35274390243903,23.935144124168517,44.17738359201774,47,2015,721.35
84,Celtics,44.57048054919909,34.52574370709382,79.60045766590389,24.580663615560642,43.69622425629291,50,2016,749.076
85,Celtics,45.588125,36.795208333333335,79.42791666666666,23.775,43.09583333333333,63,2017,760.69
86,Celtics,45.09954954954954,37.20222007722007,78.84868082368082,24.03088803088803,45.18307593307593,47,2018,744.96
87,Celtics,46.77347972972973,36.16871621621621,80.6579391891892,25.431081081081082,44.6527027027027,51,2019,763.584
88,Celtics,46.49375,37.08587962962963,78.73333333333333,22.613425925925924,45.56944444444444,29,2020,610.864
89,Celtics,46.56130252100841,37.221638655462186,77.76478991596638,23.405882352941177,44.503781512605045,34,2021,766.24
90,Clippers,44.30609756097561,31.25609756097561,78.3841463414634,21.353658536585368,41.52439024390244,28,2004,665.396
91,Clippers,45.8447966507177,33.73935406698564,78.28989234449762,22.373803827751196,43.411483253588514,40,2005,696.181
92,Clippers,46.86726495726495,35.05786324786325,78.40239316239317,20.523931623931624,41.81196581196581,45,2006,712.409
93,Clippers,44.13080466830466,34.643980343980346,78.40476044226044,21.909398034398034,41.8264742014742,36,2007,755.261
94,Clippers,43.97033465683494,30.97305728871242,76.99083947816221,20.74730572887124,40.06721497447533,21,2008,692.408
95,Clippers,45.70882694541231,35.32796167247387,72.63179442508712,21.92828106852497,39.36875725900116,25,2009,646.83
96,Clippers,45.39290697674418,33.74107558139535,70.58843023255814,21.843313953488373,42.57151162790697,25,2010,670.063
97,Clippers,45.945952023988,33.91349325337331,71.84850074962519,22.626686656671666,41.30284857571215,23,2011,727.462
98,Clippers,46.32604545454545,34.784954545454546,69.14981818181818,21.707272727272727,41.876363636363635,64,2012,634.237
99,Clippers,47.197863247863246,34.91854700854701,71.72452991452991,23.87264957264957,42.23504273504274,52,2013,788.293
100,Clippers,47.900685748360175,37.25509838998211,74.75912343470483,24.95169946332737,42.040250447227194,58,2014,787.692
101,Clippers,46.79189976689976,35.82666083916084,69.05684731934733,24.18444055944056,43.1958041958042,55,2015,785.892
102,Clippers,46.858333333333334,37.57738095238095,73.375,22.476190476190474,42.51190476190476,54,2016,786.91
103,Clippers,47.284725609756094,36.35128048780488,74.14338414634148,22.00060975609756,43.1844512195122,45,2017,782.609
104,Clippers,48.0640243902439,36.61074332171893,76.5937862950058,23.082171893147503,44.83246225319397,47,2018,697.812
105,Clippers,46.5580487804878,37.58518292682927,78.10442073170731,24.296341463414635,46.37621951219512,51,2019,710.327
106,Clippers,47.070238095238096,37.76696428571428,79.10892857142858,24.166666666666664,46.55059523809524,31,2020,610.176
107,Clippers,48.22935064935064,41.420389610389606,84.16718614718614,24.24155844155844,44.34935064935065,43,2021,694.005
108,Grizzlies,44.90979192166462,35.90085679314565,73.82395960832314,22.613831089351287,41.055385556915546,49,2004,622.723
109,Grizzlies,45.06053783614759,36.11332082551595,72.61676047529706,19.98811757348343,38.462789243277044,50,2005,691.362
110,Grizzlies,44.89135254988913,37.38633592017738,73.94151884700666,18.835365853658537,38.77272727272727,37,2006,647.533
111,Grizzlies,47.008799497171594,34.98566939032055,75.5227844123193,21.377435575109992,40.733186675047136,23,2007,600.836
112,Grizzlies,45.33690476190476,33.030952380952385,72.62619047619047,17.928571428571427,40.64285714285714,24,2008,523.578
113,Grizzlies,46.30531135531135,34.607234432234435,74.9742673992674,18.163919413919416,40.99633699633699,29,2009,509.806
114,Grizzlies,46.258914053426246,34.38008130081301,73.64070847851336,19.076945412311268,42.09552845528455,39,2010,552.914
115,Grizzlies,47.64735714285714,31.34485714285714,75.22328571428571,20.947142857142858,41.59428571428572,33,2011,600.687
116,Grizzlies,44.37270309477756,33.283704061895556,77.36353965183753,20.025145067698258,42.2860251450677,59,2012,518.256
117,Grizzlies,45.09682359614294,33.63122518434486,75.68471355643788,21.10181508791832,42.44356211003971,50,2013,681.613
118,Grizzlies,47.08811046511629,36.43648255813954,75.09116279069768,22.359302325581396,42.30581395348837,60,2014,685.458
119,Grizzlies,44.801579822616404,31.609562084257202,78.65501662971175,21.03048780487805,42.18070953436807,50,2015,710.502
120,Grizzlies,43.669886363636365,34.00295454545454,76.90193181818181,20.34431818181818,42.61363636363636,46,2016,684.603
121,Grizzlies,44.54613372093023,35.7794476744186,78.74697674418604,21.482558139534884,41.048546511627904,33,2017,677.314
122,Grizzlies,45.0268315018315,34.770879120879115,76.94606227106226,22.626373626373628,40.45695970695971,28,2018,653.863
123,Grizzlies,45.363764927718414,34.28390949088623,77.71389063482086,25.67504714016342,44.16687617850408,28,2019,607.564
124,Grizzlies,46.677609427609426,33.810353535353535,75.61245791245793,26.234848484848484,47.96969696969697,24,2020,523.297
125,Grizzlies,46.72428571428571,35.71857142857143,77.68714285714285,26.928571428571427,46.55714285714286,39,2021,646.785
126,Hawks,43.33571428571428,31.843333333333334,72.72142857142858,19.664285714285715,41.23571428571428,24,2004,565.728
127,Hawks,44.73345345345345,33.804204204204204,74.00717717717717,19.54264264264264,41.90780780780781,15,2005,586.39
128,Hawks,44.79706736353077,33.62168989547038,75.15696864111499,19.79152148664344,40.0554587688734,28,2006,617.942
129,Hawks,44.752579852579856,32.433845208845206,77.10264127764128,19.867936117936118,40.660012285012286,36,2007,639.375
130,Hawks,45.97172949002217,36.39046563192905,76.31374722838137,22.579268292682926,42.13026607538802,43,2008,667.518
131,Hawks,46.54714285714285,36.020535714285714,74.28875,20.31964285714286,40.358333333333334,47,2009,686.688
132,Hawks,46.730232558139534,35.920930232558135,75.21162790697674,22.406976744186046,41.04651162790698,53,2010,678.375
133,Hawks,45.801923076923075,35.50453846153846,78.04246153846154,20.900769230769228,38.84384615384616,26,2011,641.596
134,Hawks,45.60089458413927,37.64750967117988,73.57458897485493,22.7316247582205,40.95720502901354,56,2012,501.593
135,Hawks,46.842544345898006,36.856319290465635,72.88888580931263,25.38968957871397,41.197893569844794,43,2013,620.146
136,Hawks,46.01675824175825,36.05128205128205,78.59505494505494,24.835164835164836,39.579670329670336,43,2014,587.927
137,Hawks,46.37990033222591,36.747009966777405,78.70249169435216,25.53737541528239,40.44186046511628,58,2015,713.909
138,Hawks,45.643864468864464,34.56932234432234,74.09743589743589,25.250915750915752,43.46245421245421,44,2016,690.15
139,Hawks,45.3655869324474,36.52389258028793,75.45539867109635,23.7281284606866,42.7688261351052,36,2017,654.306
140,Hawks,44.3242098986285,34.14373881932021,77.03878950506858,24.44036970781157,44.06052474657126,25,2018,590.769
141,Hawks,45.0175,34.32875,75.93749999999999,24.7625,44.95,25,2019,628.44
142,Hawks,46.125,35.9825,82.64750000000001,24.9,45.325,18,2020,545.453
143,Hawks,46.81529411764706,36.84890756302521,81.19386554621848,24.00294117647059,45.397478991596635,39,2021,672.742
144,Heat,45.37197802197802,37.4,73.61410256410257,21.184065934065934,41.74633699633699,53,2004,624.809
145,Heat,48.18048780487805,37.264634146341464,69.03658536585365,20.914634146341463,43.15853658536585,53,2005,815.143
146,Heat,47.20320512820513,32.69990842490842,70.0599816849817,20.58882783882784,42.57692307692308,47,2006,818.149
147,Heat,47.177331002331,34.72814685314685,66.98837412587413,20.431235431235432,39.91754079254079,39,2007,808.541
148,Heat,43.829406364749076,35.721144430844554,74.68794369645043,20.08996328029376,37.924724602203185,24,2008,798.004
149,Heat,46.02713178294574,34.571496720333926,75.99192009540847,19.93082886106142,39.3896839594514,42,2009,729.178
150,Heat,46.53880434782609,36.5116304347826,76.02483695652174,19.40271739130435,42.70271739130435,56,2010,726.935
151,Heat,48.71,35.764222222222216,76.28762962962963,20.155555555555555,41.544444444444444,37,2011,810.93
152,Heat,47.532921511627904,36.69050387596899,77.35438468992248,20.678052325581397,40.773498062015506,63,2012,657.855
153,Heat,50.40025524673851,38.895263754963125,75.37660238230289,23.597844583096993,37.6988088485536,69,2013,819.29
154,Heat,48.3642087351106,35.299234259784456,75.34245604083948,20.900453771979578,36.69937606352808,44,2014,811.036
155,Heat,45.50081709616593,32.376429918290384,74.38878064110622,19.83343808925204,41.81929604022628,41,2015,808.223
156,Heat,46.35055991041433,33.717469204927205,71.63983762597984,21.26147816349384,44.922452407614784,40,2016,809.35
157,Heat,46.25187180941577,37.357118547929666,75.3497731140102,21.212989222915485,42.072887124220074,50,2017,805.4
158,Heat,44.78035181872391,35.551669648181274,72.32200357781753,23.636255217650564,46.16815742397138,42,2018,785.25
159,Heat,46.64160401002506,36.16416040100251,72.31685463659147,25.23308270676692,45.49310776942356,46,2019,805.264
160,Heat,46.6736013986014,36.77010489510489,78.55576923076923,26.40034965034965,42.6958041958042,23,2020,629.771
161,Heat,46.733419913419915,35.90883116883117,78.99151515151515,26.367532467532467,41.595670995671,38,2021,804.761
162,Hornets,42.853846153846156,36.63461538461538,67.43461538461538,22.653846153846153,41.730769230769226,7,2004,634.968
163,Hornets,43.07674418604651,34.217441860465115,71.84418604651164,21.0,41.72093023255814,21,2005,591.701
164,Hornets,43.565416666666664,34.064464285714294,73.16785714285714,21.451785714285712,39.77142857142857,25,2006,671.011
165,Hornets,45.12322521419828,38.002815177478574,71.98671970624235,21.916768665850675,38.85189718482252,35,2007,637.52
166,Hornets,45.41220930232558,35.43657253599114,72.65537098560355,21.02906976744186,40.43715393133998,32,2008,603.403
167,Hornets,45.465404040404046,34.26830808080808,73.39406565656566,20.994949494949495,40.58459595959596,36,2009,581.049
168,Hornets,45.80301974448315,35.86553426248549,75.55839140534262,21.042392566782812,41.003193960511034,43,2010,648.79
169,Hornets,44.98928571428571,30.464972527472522,76.16002747252747,21.218406593406595,39.89697802197802,24,2011,649.694
170,Hornets,41.717021276595744,30.457446808510635,74.32446808510637,19.77659574468085,39.6063829787234,14,2012,486.984
171,Hornets,42.474941927990706,32.773286875725894,74.47732288037166,19.322880371660858,41.02758420441347,27,2013,628.293
172,Hornets,44.56022067363531,34.543873403019745,74.38664343786294,22.02206736353078,42.09756097560975,39,2014,636.268
173,Hornets,42.4687343358396,32.460338345864656,77.03690476190476,20.684210526315788,44.771929824561404,40,2015,704.886
174,Hornets,44.129999999999995,36.14041666666667,78.8723611111111,22.455555555555556,44.71111111111111,50,2016,716.894
175,Hornets,44.00828133862734,34.80144639818491,79.59336358479862,21.79835507657402,44.03998865570051,30,2017,710.643
176,Hornets,45.963035714285716,36.94720238095238,77.51589285714286,23.123214285714287,44.36011904761905,41,2018,671.404
177,Hornets,43.94114832535885,34.51309808612441,77.101495215311,23.11543062200957,43.223684210526315,34,2019,676.57
178,Hornets,43.76290849673203,35.324509803921565,73.35016339869281,25.088235294117645,43.48529411764706,13,2020,478.591
179,Hornets,45.492815126050424,36.654915966386554,76.15302521008402,26.634873949579834,43.581512605042015,31,2021,700.755
180,Jazz,44.026648351648355,32.133608058608054,75.43241758241759,21.215201465201467,41.001831501831504,36,2004,785.33
181,Jazz,43.419940476190476,32.23125,74.94255952380952,21.26607142857143,40.974404761904765,29,2005,769.014
182,Jazz,46.38202671312427,34.35191637630662,72.36382113821138,22.923925667828108,42.129210220673635,49,2006,751.621
183,Jazz,48.01477272727273,33.93954545454545,74.49284090909092,25.196590909090908,41.69204545454545,46,2007,802.214
184,Jazz,49.12104949314251,35.8618664281455,76.80539654144305,26.02325581395349,40.987775790101374,56,2008,816.211
185,Jazz,47.94164634146342,34.27039634146342,75.82307926829269,25.026829268292683,40.6234756097561,47,2009,816.042
186,Jazz,48.50638792102207,35.34387340301974,76.75534262485482,25.885017421602786,41.651858304297335,57,2010,794.512
187,Jazz,46.2005,32.460857142857144,75.25378571428571,22.917857142857144,39.84928571428571,18,2011,799.982
188,Jazz,45.57149659863946,33.35469387755102,75.78462585034013,22.136281179138322,43.85873015873016,50,2012,637.124
189,Jazz,44.94239931934203,35.098837209302324,76.04622802041973,21.71128757799206,41.44498014747589,38,2013,765.915
190,Jazz,45.407535959974986,34.22895559724828,74.00337711069417,20.400250156347717,41.42307692307692,26,2014,745.203
191,Jazz,44.03333333333334,35.31401098901099,72.50119047619049,19.0,44.21153846153846,41,2015,772.059
192,Jazz,46.19670177383592,36.109312638580924,74.972588691796,19.493348115299334,43.13747228381375,47,2016,791.489
193,Jazz,45.851247228381375,37.20845343680709,76.92366962305988,20.988359201773836,42.35504434589801,46,2017,806.605
194,Jazz,46.94584795321637,35.304853801169585,73.87561403508772,24.0406432748538,44.97543859649123,50,2018,734.806
195,Jazz,46.92346736980883,37.167600527356626,76.18711272247857,24.688859591298616,46.949571522742254,53,2019,750.546
196,Jazz,47.13858695652174,36.82826086956522,78.5215579710145,22.480072463768117,44.99184782608695,27,2020,567.486
197,Jazz,47.069747899159665,38.96609243697478,79.28214285714286,23.935294117647057,48.01218487394958,51,2021,750.546
198,Kings,46.00827067669172,38.80808270676692,79.8031954887218,25.86027568922306,41.421052631578945,52,2004,709.997
199,Kings,46.2587067498582,37.08406125921724,78.06911514463982,23.837492909812816,41.10578559273965,44,2005,709.997
200,Kings,44.74594512195122,33.14646341463414,78.94411585365853,21.066158536585366,41.45670731707317,45,2006,709.997
201,Kings,45.3704994192799,36.48466898954704,76.89637049941928,19.409698025551684,38.16637630662021,31,2007,709.997
202,Kings,46.39952934662237,36.27433554817275,79.29244186046512,19.848837209302324,40.15310077519379,35,2008,580.181
203,Kings,45.68365853658536,38.037195121951214,76.67856707317074,20.09512195121951,40.328963414634146,23,2009,502.852
204,Kings,44.298558897243105,34.1687343358396,72.2531954887218,19.773182957393484,42.765664160401,17,2010,543.416
205,Kings,45.54156327543424,33.360235732009926,72.8689205955335,20.774193548387096,44.32692307692308,19,2011,569.496
206,Kings,43.898156028368795,32.41347517730496,75.51638297872341,19.673049645390073,42.062411347517724,32,2012,478.764
207,Kings,45.00121951219512,35.17560975609756,76.80243902439024,21.121951219512198,41.23170731707317,27,2013,563.743
208,Kings,45.38214285714286,32.98928571428571,75.8607142857143,18.583333333333332,45.32142857142857,31,2014,667.949
209,Kings,45.46190476190476,34.63130952380952,73.84672619047619,22.054761904761904,44.01130952380953,28,2015,680.049
210,Kings,46.21783625730994,35.80523391812866,74.01520467836258,23.418713450292397,43.015497076023394,35,2016,707.526
211,Kings,46.208693244739756,39.11486710963455,75.4030177187154,22.155592469545958,40.46511627906977,30,2017,721.928
212,Kings,46.08708333333333,37.86279761904762,73.0935119047619,23.6125,42.8547619047619,34,2018,649.571
213,Kings,45.625797373358346,35.961069418386494,74.7754846779237,24.118824265165728,44.590681676047524,32,2019,700.975
214,Kings,47.10610367892977,37.47173913043478,76.49055183946489,24.930602006688964,43.36120401337793,25,2020,520.663
215,Kings,48.367869875222816,36.432397504456326,74.13569518716578,25.56283422459893,41.03475935828877,28,2021,577.583
216,Knicks,44.496184210526316,37.16447368421053,78.54611842105264,20.516447368421055,42.47434210526316,41,2004,777.757
217,Knicks,44.97802197802198,36.01877289377289,73.21529304029303,19.4010989010989,41.14194139194139,24,2005,770.494
218,Knicks,45.97872340425532,34.58994680851064,72.5425,18.288563829787236,42.17446808510638,29,2006,774.189
219,Knicks,44.89730263157895,35.11559210526316,70.83375000000001,17.939473684210526,42.22763157894737,28,2007,778.415
220,Knicks,44.36929824561403,34.98207602339181,76.31122807017545,20.617543859649125,42.7093567251462,27,2008,778.877
221,Knicks,44.99125,35.169090909090905,77.50693181818183,20.938636363636363,41.37613636363636,32,2009,778.877
222,Knicks,46.32760882528325,35.70211687537269,79.22564102564102,21.658616577221228,40.54859868813357,35,2010,778.877
223,Knicks,44.91851851851851,36.10925925925926,81.70925925925926,21.12962962962963,39.81481481481481,26,2011,778.877
224,Knicks,44.73152173913043,34.86413043478261,73.91195652173911,20.18478260869565,41.423913043478265,55,2012,626.901
225,Knicks,44.15963029218843,35.76422182468694,76.05101371496721,19.34824090638044,40.30500894454383,42,2013,778.877
226,Knicks,45.68143631436315,37.526178861788615,77.02582655826559,20.346341463414632,40.443089430894304,33,2014,771.974
227,Knicks,42.39274390243902,33.93560975609756,77.92603658536585,20.877743902439025,42.23658536585366,27,2015,768.244
228,Knicks,44.31707317073171,35.21219512195122,80.29634146341462,21.048780487804876,45.3170731707317,33,2016,778.877
229,Knicks,45.75632664437013,34.681187290969895,78.91502229654404,22.372352285395763,44.47965440356745,33,2017,776.917
230,Knicks,44.98528368794326,34.98726359338061,77.32157210401891,22.00206855791962,44.4533096926714,20,2018,776.327
231,Knicks,43.13477257745551,34.145814106789715,72.37610415293344,20.5609756097561,45.27422544495715,17,2019,778.877
232,Knicks,46.06704260651628,34.04461152882205,70.30977443609024,23.221804511278194,46.733082706766915,15,2020,588.907
233,Knicks,45.81773618538324,39.15334224598931,78.90142602495544,21.2825311942959,45.04812834224599,39,2021,764.631
234,Lakers,44.4607012195122,33.26911585365854,72.63350609756098,21.90823170731707,43.61920731707317,50,2004,589.144
235,Lakers,43.95,34.53478260869565,76.31178489702518,20.680205949656752,42.568649885583525,34,2005,597.942
236,Lakers,46.739016018306636,35.620881006864984,74.61064073226544,22.006864988558352,41.318649885583525,50,2006,638.005
237,Lakers,46.27875457875458,34.57765567765567,76.46492673992674,22.818681318681318,42.93315018315019,41,2007,700.887
238,Lakers,47.97684523809524,39.45946428571428,77.5322619047619,24.301785714285714,44.038690476190474,63,2008,709.346
239,Lakers,46.874737762237764,34.486480186480186,76.37202797202796,22.986305361305362,44.026806526806524,65,2009,698.768
240,Lakers,46.10416666666667,35.08576388888889,77.04305555555555,21.270833333333336,44.145833333333336,55,2010,715.901
241,Lakers,46.28958333333333,33.50791666666667,76.09041666666667,21.495833333333334,43.6125,37,2011,777.852
242,Lakers,45.679589371980676,33.86659420289855,73.99842995169081,22.219323671497584,46.20676328502415,53,2012,623.587
243,Lakers,45.28315371525808,35.48621667612025,71.38312535450937,22.3712422007941,43.760068065796936,43,2013,721.414
244,Lakers,45.220952380952376,37.37059523809524,75.46285714285715,24.100595238095238,40.87559523809524,24,2014,666.046
245,Lakers,42.56977085781434,32.395769682726204,74.15666862514689,20.103113983548766,44.11603995299647,17,2015,688.194
246,Lakers,42.89133221850613,32.904682274247484,78.91563545150501,18.7736900780379,43.31633221850613,23,2016,719.275
247,Lakers,45.31312729498163,33.084791921664625,71.6328947368421,22.05660954712362,44.621787025703796,25,2017,727.875
248,Lakers,47.18690476190476,35.344047619047615,71.64285714285714,24.357142857142858,46.33333333333333,45,2018,715.728
249,Lakers,47.162722478576136,33.044330916282135,71.81928147659855,26.289057350032962,46.12887277521424,42,2019,720.024
250,Lakers,48.43923076923077,35.39961538461538,73.03923076923078,24.584615384615383,45.996153846153845,31,2020,529.87
251,Lakers,46.75051948051948,34.812207792207786,73.67510822510822,24.565367965367965,44.17316017316017,40,2021,622.881
252,Magic,44.39082321187584,34.87169365721997,74.57914979757085,19.607624831309042,41.83265856950067,28,2004,825.594
253,Magic,45.18630630630631,34.5851051051051,73.73363363363363,18.395195195195196,42.35615615615616,33,2005,822.533
254,Magic,48.11887592788971,35.968372216330856,72.17587486744432,18.47322375397667,40.16065747613998,42,2006,824.693
255,Magic,47.13307873090482,35.73733842538191,71.25860752056404,19.81756756756757,41.81374853113984,44,2007,834.411
256,Magic,47.29972358722358,39.589066339066335,72.33513513513515,19.917383292383292,41.49846437346437,55,2008,831.738
257,Magic,45.70030487804878,37.18118902439024,71.5094512195122,19.491463414634147,43.580182926829266,57,2009,821.723
258,Magic,47.13809523809524,37.43928571428572,71.57619047619048,19.761904761904763,42.845238095238095,57,2010,819.77
259,Magic,45.83945868945869,36.36908831908832,69.75783475783476,20.488603988603987,43.8048433048433,34,2011,824.162
260,Magic,44.399166666666666,35.843263888888885,69.66499999999999,20.854166666666668,42.66458333333333,46,2012,671.05
261,Magic,44.69878048780488,33.08292682926829,75.55365853658536,22.01219512195122,42.40243902439025,18,2013,821.49
262,Magic,45.15054824561403,36.25581140350877,74.9044956140351,20.861842105263158,41.50219298245614,26,2014,817.982
263,Magic,45.281241830065355,33.937777777777775,74.92000000000002,21.801633986928103,43.032679738562095,31,2015,827.702
264,Magic,44.925581395348836,34.23987521270562,74.07098695405558,23.209018718094157,42.85847986386841,31,2016,825.901
265,Magic,44.92361111111111,33.71402777777778,76.10611111111112,22.704166666666666,42.62361111111112,26,2017,811.366
266,Magic,44.51111111111111,34.45583333333333,77.89305555555556,24.016666666666666,42.25277777777778,29,2018,811.453
267,Magic,44.984813384813386,34.948455598455595,76.96393178893179,24.89060489060489,46.092664092664094,40,2019,820.569
268,Magic,45.015079365079366,34.3558201058201,77.82671957671957,24.584656084656086,44.94444444444444,24,2020,682.096
269,Magic,42.713057040998216,33.943449197860964,77.21136363636363,21.79055258467023,45.354278074866315,17,2021,809.315
270,Mavericks,46.15478658536586,34.50539634146341,79.89814024390245,22.383841463414633,44.70762195121951,53,2004,785.739
271,Mavericks,46.74573170731707,37.754500580720084,78.01326945412312,19.39692218350755,42.063879210220676,61,2005,800.144
272,Mavericks,46.10415697674418,37.27415697674419,80.34034883720929,18.800581395348836,41.79127906976744,62,2006,776.176
273,Mavericks,47.21219512195122,37.46829268292683,81.54878048780489,20.20731707317073,41.92682926829268,63,2007,771.017
274,Mavericks,45.96210494931425,34.91550387596899,80.73372093023255,21.457662492546213,44.416815742397134,50,2008,783.739
275,Mavericks,46.6644018583043,36.381039488966316,81.5904181184669,22.15447154471545,42.097851335656216,53,2009,790.801
276,Mavericks,47.14487100737101,37.16633906633906,81.14198402948402,23.78531941031941,40.91799754299754,57,2010,799.55
277,Mavericks,47.19933333333333,36.49099999999999,76.82633333333332,23.83,40.92666666666666,34,2011,808.879
278,Mavericks,44.633163265306116,34.128641001855286,77.46347402597404,21.163729128014843,42.61920222634508,47,2012,652.179
279,Mavericks,47.101130952380956,38.02011904761905,79.87386904761905,23.90952380952381,41.63392857142857,47,2013,780.353
280,Mavericks,47.808181818181815,37.35,77.60897727272727,23.520454545454545,41.40340909090909,54,2014,812.292
281,Mavericks,45.07325581395348,34.642258261933904,76.42646878824971,21.88922888616891,43.07252141982864,46,2015,812.292
282,Mavericks,43.80513329551899,34.15609756097561,79.55181508791833,21.184061259217245,40.936188315371524,33,2016,812.292
283,Mavericks,44.91566395663956,36.48636856368563,78.73075880758807,21.893224932249325,39.44119241192412,36,2017,810.741
284,Mavericks,44.7675,35.48375,75.13875,22.9125,43.45,28,2018,792.608
285,Mavericks,44.75846153846154,34.55423076923076,75.57717948717949,24.147756410256413,46.36794871794872,37,2019,779.087
286,Mavericks,46.421666666666674,36.3635,77.03933333333333,24.445833333333333,45.49416666666667,25,2020,620.789
287,Mavericks,47.164545454545454,36.210476190476186,77.65900432900433,22.975324675324675,43.55367965367965,41,2021,763.484
288,Nets,43.65826923076923,33.867051282051285,74.27990384615384,22.467628205128204,41.0849358974359,40,2004,613.051
289,Nets,44.20142276422764,35.271138211382116,76.2784843205575,22.988675958188153,39.86701509872242,49,2005,618.681
290,Nets,44.05803418803419,32.51752136752137,76.72119658119658,22.952991452991455,41.18119658119658,45,2006,691.543
291,Nets,44.939237804878054,35.16131097560976,71.55826219512196,23.924695121951217,40.63810975609756,42,2007,693.955
292,Nets,44.57863636363636,35.945454545454545,76.00079545454545,21.814772727272725,41.66477272727273,35,2008,641.921
293,Nets,44.11693500298151,33.89666070363745,77.30062611806798,19.372391174716753,39.4180083482409,22,2009,621.062
294,Nets,43.537369337979094,34.13005226480836,78.7225319396051,19.147502903600465,40.424216027874564,18,2010,537.23
295,Nets,44.036538461538456,34.83888888888889,75.0477207977208,22.51923076923077,40.74074074074074,16,2011,581.378
296,Nets,43.12897674418604,33.787255813953486,76.40955813953488,20.085116279069766,40.418604651162795,37,2012,460.719
297,Nets,45.284808612440195,36.22356459330143,74.24162679425838,20.416866028708135,42.33373205741627,43,2013,704.702
298,Nets,46.018273809523805,35.36714285714285,75.05690476190476,21.011309523809523,38.83095238095238,49,2014,707.331
299,Nets,45.210336817653896,32.012659698025544,74.57549361207899,21.245644599303134,43.3301393728223,32,2015,698.529
300,Nets,45.18589285714285,35.870714285714286,76.75595238095238,22.086904761904762,42.28095238095238,20,2016,620.142
301,Nets,44.49883720930233,34.240697674418605,77.55348837209301,22.127906976744185,44.52325581395348,25,2017,632.608
302,Nets,44.772045454545456,35.87329545454545,76.74840909090909,24.014772727272728,44.27840909090909,32,2018,622.278
303,Nets,44.36486111111111,34.237361111111106,75.14236111111111,23.854166666666664,48.331944444444446,41,2019,612.597
304,Nets,45.57559523809523,36.13928571428572,75.33363095238094,24.964285714285715,46.595238095238095,25,2020,524.907
305,Nets,49.56176470588235,38.375,80.42205882352943,26.794117647058822,44.23529411764706,45,2021,711.539
306,Nuggets,45.06269230769231,32.140737179487175,75.11798076923077,22.1974358974359,41.225,38,2004,721.476
307,Nuggets,46.1603800340329,32.56120249574589,76.19619965967101,24.235394214407258,42.76091888825865,49,2005,723.949
308,Nuggets,46.61493589743589,33.0438782051282,74.94025641025641,23.493589743589745,41.59871794871795,46,2006,702.645
309,Nuggets,46.48264322178105,34.07702779353375,74.63417470221214,23.170164492342597,43.60181508791832,47,2007,706.437
310,Nuggets,47.38826644370122,36.63648272017837,75.28832218506132,24.420011148272017,42.67948717948718,53,2008,711.962
311,Nuggets,46.83265243902439,36.40262195121951,77.41786585365853,21.65,41.713414634146346,53,2009,706.165
312,Nuggets,46.6348901098901,36.676373626373625,77.04230769230769,20.861721611721613,41.27564102564102,51,2010,737.812
313,Nuggets,48.36412466843501,37.139456233421754,74.90988063660478,22.835543766578247,42.58554376657825,34,2011,692.968
314,Nuggets,47.45347985347985,33.65,71.79033882783882,23.838369963369964,44.29349816849817,53,2012,561.966
315,Nuggets,46.97253968253968,34.68698412698412,72.05,23.67936507936508,44.63333333333333,54,2013,730.616
316,Nuggets,44.29715909090909,34.37840909090909,72.74954545454545,22.198863636363637,45.51477272727273,35,2014,692.898
317,Nuggets,43.6483682983683,33.77389277389277,74.34793123543125,22.351107226107224,44.16200466200466,29,2015,602.707
318,Nuggets,44.828988095238095,34.435952380952386,76.37083333333334,22.824404761904763,46.02321428571429,35,2016,577.898
319,Nuggets,47.4905487804878,36.70443458980044,77.28680709534368,25.54933481152993,45.48004434589801,45,2017,605.585
320,Nuggets,47.13464912280701,36.508583959899745,77.59630325814535,26.668546365914786,44.95802005012531,50,2018,702.796
321,Nuggets,46.38320073439412,34.89516523867809,76.25584455324358,27.150856793145657,45.63831089351285,54,2019,756.457
322,Nuggets,48.88583333333334,36.14816666666666,76.8995,26.7825,43.56,26,2020,633.153
323,Nuggets,48.48584033613445,37.959705882352935,81.19672268907563,26.82310924369748,44.49243697478991,46,2021,695.262
324,Pacers,44.10202429149797,35.760931174089066,76.33394062078273,20.860661268556008,40.86032388663968,53,2004,678.326
325,Pacers,43.6020731707317,34.74786585365853,78.0233231707317,18.055182926829268,40.32256097560976,44,2005,696.764
326,Pacers,44.01119047619048,35.106269841269835,74.03833333333334,20.917460317460318,42.358730158730154,43,2006,663.368
327,Pacers,44.37202380952381,33.94964285714286,76.33000000000001,21.32797619047619,43.11190476190477,33,2007,629.75
328,Pacers,44.69713414634146,37.414603658536585,78.1909756097561,22.26981707317073,43.234146341463415,31,2008,501.092
329,Pacers,44.71585365853659,36.61829268292683,79.03170731707317,20.573170731707318,43.0,35,2009,581.472
330,Pacers,44.539862850327964,35.517859272510435,78.29549791293977,21.5912343470483,41.44961240310077,37,2010,582.295
331,Pacers,44.33600795755968,35.222877984084874,78.30629973474801,18.8289124668435,44.281167108753316,26,2011,555.077
332,Pacers,43.785227272727276,36.1872680890538,76.74357606679034,19.085343228200372,44.28919294990723,57,2012,467.561
333,Pacers,44.94040404040403,35.5030303030303,77.03724747474747,20.699494949494948,45.21212121212122,56,2013,626.069
334,Pacers,43.96926274944567,34.61322062084257,75.89240576496674,20.018569844789358,45.095066518847005,43,2014,717.542
335,Pacers,44.52173780487805,36.15030487804878,76.22317073170731,21.226829268292683,44.18841463414634,44,2015,691.434
336,Pacers,45.44761904761905,34.30714285714286,78.62976190476189,22.0,43.785714285714285,43,2016,690.733
337,Pacers,47.531457871396896,38.6915465631929,79.33331485587583,22.753048780487806,41.80376940133038,45,2017,684.578
338,Pacers,47.55261627906977,36.045784883720934,76.43720930232558,23.42732558139535,43.27819767441861,55,2018,658.119
339,Pacers,47.0085576923077,36.83035256410256,77.39070512820513,25.975641025641025,43.01185897435897,45,2019,689.31
340,Pacers,48.63511705685619,35.3306856187291,77.0039297658863,26.132107023411372,42.346989966555185,31,2020,529.002
341,Pacers,47.27234848484848,36.762499999999996,79.47272727272727,27.435606060606062,42.71843434343434,31,2021,588.743
342,Pelicans,41.2525641025641,29.728205128205133,78.56794871794872,20.525641025641026,41.92307692307692,23,2004,587.613
343,Pelicans,42.73583042973287,32.40046457607433,74.5702380952381,20.005226480836235,40.128629500580715,28,2005,583.07
344,Pelicans,44.031445993031355,34.414140534262486,74.92752613240418,18.034843205574912,41.16666666666667,38,2006,744.92
345,Pelicans,45.12063953488372,37.310348837209304,77.65715116279071,20.006104651162794,43.16482558139535,47,2007,731.165
346,Pelicans,46.89929396662388,39.562901155327346,77.33632862644416,21.565147625160463,40.531450577663676,55,2008,581.432
347,Pelicans,45.53031764038571,34.993788996029494,78.77030629608622,20.258650028360748,40.46851956891662,44,2009,695.727
348,Pelicans,46.80539867109634,35.82560908084164,76.85952380952381,21.79789590254707,40.20265780730897,42,2010,620.366
349,Pelicans,45.911538461538456,35.69230769230769,77.61730769230769,20.26923076923077,40.13461538461539,29,2011,603.088
350,Pelicans,45.098473635522666,35.23279370952821,76.95148011100832,21.029833487511564,40.617715078630894,26,2012,498.618
351,Pelicans,45.35399390243903,35.92756097560975,77.4057012195122,21.758231707317073,42.95579268292683,34,2013,565.93
352,Pelicans,46.18472838137472,35.57120288248336,76.71067073170732,20.773835920177383,41.55986696230599,36,2014,672.029
353,Pelicans,45.43780487804877,37.953658536585365,76.13902439024389,22.024390243902438,42.8170731707317,39,2015,683.757
354,Pelicans,44.5595744680851,35.2275195968645,76.20884658454648,22.642497200447927,43.71164613661814,34,2016,688.549
355,Pelicans,47.21445221445221,36.127709790209785,74.78738344988345,24.54399766899767,43.03088578088578,38,2017,663.099
356,Pelicans,47.803294573643406,34.64604097452935,77.8139811738649,26.868217054263567,46.38205980066445,48,2018,673.92
357,Pelicans,46.276923076923076,35.26025641025641,74.55128205128206,26.115384615384617,46.58974358974359,27,2019,656.183
358,Pelicans,47.61818181818182,35.567845117845124,71.00294612794613,27.226430976430976,47.312289562289564,27,2020,528.172
359,Pelicans,48.037142857142854,35.13558035714286,73.41906250000001,26.379464285714285,47.339285714285715,28,2021,635.941
360,Pistons,43.66440789473685,34.73980263157895,75.02440789473684,21.410526315789475,43.09605263157895,50,2004,872.902
361,Pistons,45.6780487804878,36.46341463414634,73.85609756097563,23.0,42.73170731707317,63,2005,905.116
362,Pistons,45.17139953542392,37.39671893147503,73.5130662020906,22.813298490127757,40.86846689895471,58,2006,905.116
363,Pistons,46.326190476190476,34.56071428571429,76.17380952380952,22.785714285714285,40.095238095238095,59,2007,905.116
364,Pistons,45.32582417582417,36.50064102564102,76.87948717948719,21.260073260073263,41.244505494505496,54,2008,905.116
365,Pistons,44.783777651730006,30.78060124787294,72.99395916052184,19.096142938173568,41.700510493477026,31,2009,896.971
366,Pistons,45.149419279907086,35.08487224157955,73.12096399535423,20.624564459930312,38.99157955865273,27,2010,768.826
367,Pistons,46.43411680911681,36.057264957264955,75.15434472934473,21.564814814814817,38.82478632478633,20,2011,683.08
368,Pistons,44.10955230496454,34.813031914893614,74.20749113475178,19.18439716312057,41.44370567375886,35,2012,475.638
369,Pistons,45.41815476190476,32.40845238095238,67.91910714285714,21.254761904761907,42.47857142857143,32,2013,606.094
370,Pistons,43.60375,32.59125,67.06875000000001,21.05,45.7375,23,2014,615.238
371,Pistons,43.57640385706183,33.83114010209869,70.21851956891663,20.796937039137834,45.83040272263188,42,2015,625.917
372,Pistons,44.80833333333333,34.489285714285714,70.59285714285714,20.488095238095237,44.79761904761905,41,2016,677.138
373,Pistons,44.84390243902438,34.480487804878045,72.5560975609756,21.475609756097562,45.146341463414636,42,2017,655.141
374,Pistons,44.46511627906976,34.78791309669522,73.55299877600979,22.844859241126073,45.53518971848226,35,2018,713.945
375,Pistons,45.45434523809524,37.000059523809526,75.60125,23.566666666666666,43.02440476190476,37,2019,675.963
376,Pistons,45.01661764705882,35.019999999999996,73.0,23.688235294117646,42.1514705882353,8,2020,509.463
377,Pistons,45.32319327731093,35.306806722689075,76.01731092436974,24.11764705882353,42.44705882352942,21,2021,663.556
378,Raptors,42.35752906976744,35.2240988372093,74.33703488372093,19.101453488372094,39.972674418604655,27,2004,750.608
379,Raptors,44.66526927784577,37.280875152998775,78.28332313341492,20.145960832313342,39.10281517747858,31,2005,703.388
380,Raptors,45.63315850815851,36.477768065268066,79.09839743589744,19.835664335664333,39.253205128205124,32,2006,699.332
381,Raptors,46.448837209302326,39.19529069767441,80.15363372093024,22.801453488372093,40.11598837209303,51,2007,748.603
382,Raptors,47.046341463414635,37.79268292682927,82.38170731707316,23.74390243902439,39.1829268292683,36,2008,796.835
383,Raptors,46.8252034883721,37.182063953488374,79.85453488372093,21.961046511627906,40.92296511627907,37,2009,769.707
384,Raptors,48.24280487804878,35.231981707317075,74.81161585365854,22.00579268292683,40.625,35,2010,733.784
385,Raptors,46.832692307692305,30.589031339031337,75.92592592592592,22.594729344729345,39.77564102564102,12,2011,679.208
386,Raptors,43.785090909090904,33.51463636363636,76.8070909090909,21.12181818181818,41.42045454545455,33,2012,555.584
387,Raptors,44.66040100250626,33.57550125313283,78.703007518797,20.451127819548873,41.41791979949875,37,2013,743.936
388,Raptors,45.73083333333333,37.557361111111106,78.33805555555556,21.83888888888889,41.86388888888889,58,2014,748.339
389,Raptors,44.66794871794872,34.27867132867133,79.01561771561771,19.693764568764568,42.58129370629371,45,2015,809.824
390,Raptors,46.563919413919415,38.45576923076923,78.4815934065934,19.4010989010989,42.735347985347985,58,2016,812.863
391,Raptors,46.62410256410256,35.24623931623931,78.85068376068376,19.806837606837604,43.25982905982906,53,2017,813.05
392,Raptors,47.4420731707317,35.51614528101803,79.85972958642631,24.76272534464475,45.12089077412513,63,2018,813.431
393,Raptors,46.62242063492064,38.03392857142857,80.44325396825396,25.970238095238095,45.57936507936508,54,2019,812.822
394,Raptors,45.5695054945055,37.347802197802196,78.54844322344323,25.26282051282051,45.235347985347985,33,2020,633.456
395,Raptors,45.11764705882353,36.90147058823529,81.5985294117647,24.044117647058826,41.36764705882353,26,2021,547.343
396,Rockets,44.43154176904177,35.95251842751843,78.00669533169533,19.809889434889435,41.66707616707617,43,2004,640.794
397,Rockets,43.746464646464645,35.83270202020202,78.71944444444445,20.375,42.87626262626263,46,2005,663.444
398,Rockets,44.362236987818385,34.23698781838317,74.66392580287928,20.329457364341085,42.44186046511628,43,2006,636.11
399,Rockets,44.24268292682927,35.58780487804878,74.36829268292684,21.0,43.4390243902439,48,2007,678.362
400,Rockets,44.98250141803744,35.46511627906976,75.80646625070901,21.01162790697674,44.017300056721496,61,2008,718.524
401,Rockets,45.67494047619047,36.0375,78.6519642857143,21.138690476190476,42.62440476190476,52,2009,699.28
402,Rockets,45.393864468864464,36.874908424908426,78.59990842490842,22.650183150183153,42.09249084249084,38,2010,677.658
403,Rockets,45.4146978021978,35.57101648351648,80.78351648351648,23.62912087912088,42.88873626373626,29,2011,663.839
404,Rockets,45.17432745825604,36.246312615955475,77.5910482374768,21.70361781076067,42.57560296846011,49,2012,506.994
405,Rockets,46.88822062084257,35.56524390243902,72.73026607538802,22.154656319290467,44.20565410199556,49,2013,683.564
406,Rockets,45.55589743589743,36.04586538461538,71.80205128205128,21.396153846153847,45.03365384615385,55,2014,743.082
407,Rockets,44.84108527131782,34.96337209302325,72.06940753045404,22.63925802879291,43.14424141749723,50,2015,747.412
408,Rockets,46.56973684210526,36.08514619883041,71.85754385964913,24.105847953216376,43.97836257309942,51,2016,737.244
409,Rockets,45.96208133971292,34.972966507177034,78.13588516746412,23.63456937799043,43.7816985645933,55,2017,695.903
410,Rockets,45.43695405558707,35.42643221781055,76.34217243335225,21.005672149744754,42.73085649461146,61,2018,716.008
411,Rockets,45.39555972482802,35.624077548467795,80.23223889931207,21.449968730456536,44.21482176360225,55,2019,740.392
412,Rockets,45.04782608695652,34.60434782608696,80.45434782608696,22.217391304347828,41.891304347826086,25,2020,578.458
413,Rockets,44.19760504201681,33.78432773109243,74.03260504201681,23.514285714285712,42.63529411764706,16,2021,638.977
414,Spurs,45.75714285714286,36.81657509157509,69.73525641025643,21.21794871794872,43.81684981684982,60,2004,739.706
415,Spurs,45.925609756097565,36.99512195121951,71.49024390243902,20.585365853658537,42.08536585365854,58,2005,750.97
416,Spurs,47.3443351222421,38.97301729278473,72.54603458556946,21.92277877161598,40.73106738223017,62,2006,770.677
417,Spurs,46.92299498746867,37.00657894736842,76.00977443609023,21.833959899749374,41.17481203007519,56,2007,764.823
418,Spurs,45.674787294384565,37.52223482699944,75.49132161089052,20.712422007941008,40.72660238230289,55,2008,761.149
419,Spurs,47.45054945054945,38.41227106227107,76.27380952380952,21.586080586080584,41.86446886446886,53,2009,749.048
420,Spurs,46.92738095238095,37.30238095238095,74.73690476190475,22.57142857142857,42.82142857142857,59,2010,741.676
421,Spurs,47.84625,38.977083333333326,75.85208333333333,21.820833333333333,41.579166666666666,36,2011,750.879
422,Spurs,48.412444444444446,39.39555555555555,75.55677777777777,24.035555555555554,42.64888888888889,72,2012,607.095
423,Spurs,48.11327838827839,37.91153846153846,77.66620879120877,24.766483516483518,41.734432234432234,58,2013,755.7
424,Spurs,48.030062393647185,38.609699376063524,78.31809415768576,24.948383437322747,43.69171866137266,57,2014,755.031
425,Spurs,47.6875,36.736662679425834,78.9090909090909,24.690789473684212,44.255382775119614,63,2015,762.855
426,Spurs,47.9291461916462,39.081357493857496,82.40436117936119,23.953316953316953,42.91031941031941,66,2016,756.445
427,Spurs,46.362059620596206,37.17306233062331,78.43203252032521,23.152032520325204,44.45880758807588,59,2017,755.347
428,Spurs,46.496428571428574,37.12619047619047,79.45952380952382,23.86904761904762,44.07142857142857,43,2018,754.562
429,Spurs,47.86108801108801,38.00051975051974,79.85599445599445,24.571725571725572,45.53291753291754,41,2019,750.616
430,Spurs,47.098214285714285,38.276071428571434,82.80464285714287,25.360714285714288,44.18928571428572,22,2020,550.515
431,Spurs,46.094033613445376,34.49911764705882,79.1883193277311,24.11890756302521,43.85924369747899,31,2021,615.588
432,Suns,45.86589743589744,36.742820512820515,73.78060897435898,20.34070512820513,41.910576923076924,42,2004,670.385
433,Suns,47.29345238095238,37.77345238095238,76.31470238095238,24.71071428571429,44.32976190476191,56,2005,726.066
434,Suns,49.142559523809524,41.52095238095238,81.12452380952382,26.570238095238096,40.73273809523809,56,2006,730.179
435,Suns,49.45131578947368,38.808066361556065,78.78398169336384,26.330091533180777,40.639016018306634,62,2007,755.302
436,Suns,50.31053439803439,39.84717444717445,77.64404176904176,24.070945945945944,41.08568796068796,51,2008,755.302
437,Suns,50.40817627494457,39.53927383592018,74.2475332594235,24.117239467849224,42.075942350332596,49,2009,755.302
438,Suns,48.61188242651657,39.03352095059412,77.38567854909319,23.287679799874923,41.98936835522201,47,2010,723.582
439,Suns,46.178306878306884,36.02089947089947,77.14457671957672,23.75132275132275,41.07473544973545,27,2011,720.249
440,Suns,45.838297872340426,34.305319148936164,75.43191489361702,22.48936170212766,41.06382978723404,43,2012,514.718
441,Suns,44.78375,34.37,73.685,21.5,42.962500000000006,33,2013,632.913
442,Suns,46.53597826086956,37.43407608695652,77.63907608695652,19.691847826086956,42.4804347826087,47,2014,650.739
443,Suns,44.59312865497076,34.02441520467836,73.90108187134503,20.16578947368421,43.58801169590643,33,2015,693.862
444,Suns,43.30899632802937,33.176897184822515,75.23056915544674,19.762239902080783,45.701958384332926,21,2016,701.405
445,Suns,45.108858695652174,32.8945652173913,77.24956521739131,20.480978260869563,45.11902173913043,28,2017,708.639
446,Suns,44.95738095238095,33.51886904761905,75.5702380952381,22.876785714285713,42.12083333333334,16,2018,674.655
447,Suns,46.09756756756757,33.38168918918919,78.20905405405405,25.71858108108108,41.265878378378375,23,2019,627.023
448,Suns,46.984,35.928,84.75399999999999,26.02,43.56,28,2020,550.633
449,Suns,49.34705882352941,37.65147058823529,84.0529411764706,26.955882352941174,42.83823529411765,48,2021,679.252
450,Thunder,45.17515243902439,37.32445121951219,77.79137195121952,21.441158536585366,39.29359756097561,44,2004,625.474
451,Thunder,44.18074009324009,35.372523310023304,78.28557692307692,18.41958041958042,40.90646853146853,43,2005,675.49
452,Thunder,46.709583333333335,36.61527777777778,78.95666666666668,20.781944444444445,39.24305555555556,35,2006,664.157
453,Thunder,45.294786585365856,36.085,77.55835365853659,20.88628048780488,42.108536585365854,27,2007,654.163
454,Thunder,44.474999999999994,32.701190476190476,75.80357142857143,20.785714285714285,43.39285714285714,15,2008,547.556
455,Thunder,45.40948170731707,32.53487804878049,80.15103658536586,20.15426829268293,42.87560975609756,37,2009,747.732
456,Thunder,46.27193181818182,35.1375,82.53386363636363,20.102272727272727,43.023863636363636,55,2010,738.149
457,Thunder,47.365,35.89485714285714,81.15421428571429,20.817857142857143,43.715,37,2011,744.068
458,Thunder,47.26068313953488,36.920155038759695,82.1171996124031,19.483042635658915,43.7296511627907,66,2012,600.699
459,Thunder,47.92167832167832,36.08126456876457,81.48671328671328,21.495337995337998,45.20687645687646,61,2013,746.323
460,Thunder,46.15731707317073,35.202439024390245,76.62989222915485,20.988088485536018,44.35791264889393,50,2014,746.323
461,Thunder,46.07519519519519,34.91468468468468,77.4403003003003,21.196096096096095,47.94504504504505,52,2015,746.323
462,Thunder,46.89436046511628,33.89005813953489,75.76026162790697,22.95813953488372,47.71773255813954,53,2016,746.323
463,Thunder,44.84518272425249,33.73986710963455,73.66160022148394,20.5921926910299,46.031007751937985,46,2017,746.323
464,Thunder,45.82602862254025,34.361478831246274,71.80158020274298,22.027728085867622,46.96362552176505,52,2018,746.323
465,Thunder,45.782046332046335,35.41628056628057,75.20614543114543,22.96911196911197,45.78893178893179,44,2019,746.323
466,Thunder,46.72083333333333,36.358333333333334,76.46666666666665,22.166666666666668,43.4375,31,2020,600.699
467,Thunder,44.19380952380953,34.02320346320346,73.15835497835498,22.03896103896104,45.68614718614718,21,2021,595.112
468,Timberwolves,45.64102564102564,37.061025641025644,79.80019230769231,22.749358974358977,44.275320512820514,54,2004,723.071
469,Timberwolves,46.171591591591586,34.219879879879876,77.05495495495495,22.668168168168165,41.06816816816817,42,2005,704.438
470,Timberwolves,46.04903846153846,31.87208624708625,77.67948717948718,21.153554778554778,39.83449883449883,32,2006,662.167
471,Timberwolves,44.9637266023823,36.08559273964833,76.69174702212138,21.530913216108907,40.98525241066364,23,2007,655.947
472,Timberwolves,45.037761627906974,34.21831395348837,75.66258720930233,20.367732558139537,41.056976744186045,24,2008,593.537
473,Timberwolves,44.58842881452071,33.56990924560408,75.88857061826432,19.893647192285876,42.617980714690866,25,2009,594.743
474,Timberwolves,45.09545454545455,37.296112440191386,76.12296650717704,20.392942583732058,43.54246411483254,16,2010,619.17
475,Timberwolves,44.121889055472266,36.54595202398801,76.5612443778111,20.121439280359823,44.14617691154423,9,2011,624.96
476,Timberwolves,43.33779644268775,31.861808300395257,76.1322628458498,20.252470355731226,44.29298418972332,40,2012,577.197
477,Timberwolves,43.94772727272727,31.517207792207792,76.77581168831169,22.895021645021643,42.275432900432904,32,2013,669.956
478,Timberwolves,44.83210365853658,33.58875,75.25314024390244,23.617378048780488,42.81310975609756,30,2014,597.157
479,Timberwolves,44.33295454545455,32.37330931263858,80.53389689578714,21.25748337028825,41.63719512195122,23,2015,595.652
480,Timberwolves,46.78536585365854,34.453658536585365,78.7609756097561,23.71951219512195,41.46341463414634,28,2016,581.178
481,Timberwolves,47.682413419913416,34.9987012987013,79.8142316017316,23.78354978354978,41.96212121212122,43,2017,607.203
482,Timberwolves,46.527758420441344,36.132084785133564,80.1376887340302,23.47706155632985,43.264227642276424,41,2018,699.308
483,Timberwolves,45.04676113360324,33.77678812415654,77.50064102564103,23.583670715249664,45.787786774628884,31,2019,627.543
484,Timberwolves,44.52368421052631,34.642105263157895,74.08684210526316,25.184210526315788,43.131578947368425,11,2020,482.112
485,Timberwolves,45.09294372294372,35.211688311688306,76.15216450216451,25.793939393939397,43.47099567099567,21,2021,657.148
486,Trail Blazers,44.33113636363636,35.64769480519481,73.59688311688313,20.761038961038963,41.76915584415585,39,2004,684.038
487,Trail Blazers,45.695377197958024,33.507458876914356,69.9127623369257,20.070334656834937,40.06211003970505,24,2005,680.374
488,Trail Blazers,44.84047619047619,35.00476190476191,72.77738095238095,18.13095238095238,37.42857142857143,24,2006,617.019
489,Trail Blazers,45.47165071770335,36.15574162679426,75.48995215311005,20.063397129186605,39.557416267942585,37,2007,670.778
490,Trail Blazers,44.94070175438596,37.912368421052626,77.81309941520466,20.827777777777776,41.44649122807017,43,2008,801.566
491,Trail Blazers,46.309841179807144,37.02274532047646,77.09566080544526,20.033182076006806,41.799205899035734,55,2009,841.499
492,Trail Blazers,45.615575275397795,34.23684210526316,79.30829253365972,20.93145654834761,39.75520195838433,46,2010,840.411
493,Trail Blazers,45.52969696969697,35.58424242424242,80.34075757575756,21.322727272727274,39.086363636363636,34,2011,840.924
494,Trail Blazers,44.10912529550827,33.95361702127659,78.59226950354609,20.34420803782506,40.61962174940898,40,2012,676.384
495,Trail Blazers,45.59692350332595,37.61369179600887,79.4504711751663,23.106430155210642,42.6000554323725,43,2013,813.012
496,Trail Blazers,44.88875,36.06299418604651,80.40058139534884,22.77122093023256,46.73139534883721,55,2014,809.612
497,Trail Blazers,44.830491990846674,35.50566361556064,78.17471395881007,21.165903890160184,45.64187643020595,39,2015,801.733
498,Trail Blazers,45.56246273106738,37.16475849731664,77.43861061419202,21.754323196183663,43.68127608825283,44,2016,794.085
499,Trail Blazers,45.47742993440668,37.8195587358378,78.10184853905784,19.462134764460345,44.99910554561718,45,2017,792.029
500,Trail Blazers,45.776912416851445,36.37355875831486,80.93334257206209,20.734478935698448,46.91075388026607,52,2018,795.328
501,Trail Blazers,46.845314505776635,36.326861360718866,81.74688703465982,22.517650834403078,47.11456996148908,46,2019,799.345
502,Trail Blazers,46.73452173913043,37.82626086956522,78.24330434782608,21.502608695652174,44.30608695652174,24,2020,608.634
503,Trail Blazers,45.550000000000004,38.74411764705882,82.20735294117647,21.176470588235293,44.647058823529406,40,2021,705.608
504,Warriors,43.293749999999996,33.40088414634146,72.79384146341464,20.330792682926827,42.65243902439025,34,2004,665.648
505,Warriors,43.68048780487805,35.05791264889393,72.42169597277368,22.254679523539423,42.29069767441861,40,2005,670.368
506,Warriors,44.66726744186046,34.785319767441855,71.31049418604651,21.609011627906977,42.02325581395348,33,2006,749.185
507,Warriors,45.642942942942945,35.11483483483484,72.93858858858859,23.590990990990992,42.52732732732733,45,2007,742.267
508,Warriors,45.874545454545455,33.94977272727272,75.94431818181818,21.284090909090907,43.064772727272725,39,2008,804.864
509,Warriors,47.177759948652124,38.00093068035943,79.58841463414635,21.429075738125803,39.944801026957634,28,2009,776.66
510,Warriors,46.26718931475029,38.69979674796748,75.46213704994193,22.77526132404181,40.02206736353078,30,2010,739.12
511,Warriors,46.122580645161285,36.97012622720898,77.52636746143058,22.009116409537167,40.28260869565217,25,2011,766.398
512,Warriors,45.99797674418605,38.55962790697674,78.37458139534883,22.60186046511628,41.164883720930234,42,2012,622.311
513,Warriors,46.094047619047615,40.49761904761905,76.38214285714287,22.63095238095238,45.285714285714285,46,2013,794.32
514,Warriors,47.042051282051276,36.97035256410256,77.765,24.532371794871796,44.66891025641026,56,2014,803.436
515,Warriors,47.96137266023823,41.53729438457175,75.72753828701077,28.292966534316506,45.41973908111174,72,2015,803.436
516,Warriors,49.42619047619047,40.09642857142857,78.04166666666667,29.988095238095237,45.60714285714286,72,2016,803.436
517,Warriors,49.94097222222222,38.68694444444445,79.71152777777777,30.022222222222222,44.17916666666667,67,2017,803.436
518,Warriors,49.2547619047619,38.46904761904762,81.56904761904762,28.19047619047619,44.11904761904762,55,2018,803.436
519,Warriors,47.024550706033374,36.475545571245185,79.55548780487804,27.891206675224648,45.25064184852375,41,2019,803.436
520,Warriors,43.73157894736842,32.695046439628484,79.77817337461299,26.173374613003098,41.78947368421053,9,2020,614.176
521,Warriors,47.14578214578214,37.67993447993448,78.18779688779689,27.85012285012285,43.147010647010646,37,2021,740.624
522,Wizards,42.89001831501832,34.09111721611722,72.39020146520147,19.40201465201465,43.09798534798535,32,2004,645.363
523,Wizards,43.89878048780488,34.5890243902439,72.65365853658537,18.353658536585364,42.34146341463415,42,2005,705.069
524,Wizards,45.66309523809524,37.113095238095234,75.73809523809524,18.964285714285715,40.726190476190474,47,2006,705.062
525,Wizards,44.656776556776556,33.71950549450549,77.05421245421245,20.25,42.13095238095238,39,2007,753.283
526,Wizards,44.259088269454125,33.24698025551684,76.79634146341463,19.916957026713124,40.36382113821138,34,2008,736.461
527,Wizards,45.14395933014354,34.13295454545454,76.9023923444976,19.244617224880383,41.04964114832536,23,2009,681.117
528,Wizards,44.73825581395349,34.342267441860464,75.79116279069768,19.503488372093024,40.5375,24,2010,664.398
529,Wizards,44.379629629629626,32.24259259259259,73.12222222222222,18.962962962962962,41.83333333333333,15,2011,688.466
530,Wizards,43.27857487922705,31.19038647342995,74.31195652173913,19.584299516908214,42.567632850241544,24,2012,552.038
531,Wizards,45.19567680381633,39.578354203935596,73.34347048300538,22.735539654144304,42.643112701252235,39,2013,670.07
532,Wizards,46.74498880179171,37.376903695408735,72.06153415453527,23.779955207166854,42.58006718924972,52,2014,698.068
533,Wizards,45.67414320685434,35.46184210526315,75.32668298653611,23.457466340269278,43.77080783353733,38,2015,747.796
534,Wizards,46.81641025641026,35.34384615384615,74.37564102564103,24.044444444444444,42.28547008547008,43,2016,725.426
535,Wizards,47.18167553191489,37.79226063829787,77.73295212765959,23.92313829787234,43.45372340425532,54,2017,697.107
536,Wizards,47.02433139534884,35.64622093023255,77.44723837209303,26.306395348837206,41.65,36,2018,718.946
537,Wizards,46.8127027027027,35.83199324324325,77.98756756756757,26.96891891891892,43.190202702702706,28,2019,716.996
538,Wizards,45.339285714285715,36.58988095238095,76.63511904761904,24.077380952380953,42.154761904761905,15,2020,532.702
539,Wizards,47.60366161616162,35.126010101010095,77.31287878787879,25.387626262626263,45.52777777777778,35,2021,637.215
